time,load,rain,temp,year,month,day,day_of_week,day_type
2015-01-01,2803,0.4,10.7,2015,1,1,3,weekday
2015-01-02,3029,0.0,6.1,2015,1,2,4,weekday
2015-01-03,2980,0.4,4.6,2015,1,3,5,weekend
2015-01-04,2917,0.0,5.5,2015,1,4,6,weekend
2015-01-05,3328,0.1,9.5,2015,1,5,0,weekday
2015-01-06,3357,0.2,5.7,2015,1,6,1,weekday
2015-01-07,3461,0.4,9.2,2015,1,7,2,weekday
2015-01-08,3423,0.2,6.9,2015,1,8,3,weekday
2015-01-09,3396,0.3,10.8,2015,1,9,4,weekday
2015-01-10,3089,0.2,6.0,2015,1,10,5,weekend
2015-01-11,3025,0.1,6.4,2015,1,11,6,weekend
2015-01-12,3365,0.3,6.8,2015,1,12,0,weekday
2015-01-13,3469,0.2,1.8,2015,1,13,1,weekday
2015-01-14,3611,0.7,3.9,2015,1,14,2,weekday
2015-01-15,3555,0.3,4.8,2015,1,15,3,weekday
2015-01-16,3467,0.1,2.8,2015,1,16,4,weekday
2015-01-17,3204,0.1,2.2,2015,1,17,5,weekend
2015-01-18,3102,0.0,2.5,2015,1,18,6,weekend
2015-01-19,3559,0.1,0.5,2015,1,19,0,weekday
2015-01-20,3588,0.2,3.1,2015,1,20,1,weekday
2015-01-21,3539,0.1,3.2,2015,1,21,2,weekday
2015-01-22,3533,0.0,2.6,2015,1,22,3,weekday
2015-01-23,3469,0.1,6.9,2015,1,23,4,weekday
2015-01-24,3179,0.0,4.8,2015,1,24,5,weekend
2015-01-25,2984,0.1,8.6,2015,1,25,6,weekend
2015-01-26,3359,0.0,6.2,2015,1,26,0,weekday
2015-01-27,3428,0.0,6.9,2015,1,27,1,weekday
2015-01-28,3478,0.2,4.8,2015,1,28,2,weekday
2015-01-29,3562,0.3,3.0,2015,1,29,3,weekday
2015-01-30,3483,0.1,4.2,2015,1,30,4,weekday
2015-01-31,3242,0.1,3.1,2015,1,31,5,weekend
2015-02-01,3080,0.0,1.7,2015,2,1,6,weekend
2015-02-02,3491,0.0,1.0,2015,2,2,0,weekday
2015-02-03,3568,0.1,1.1,2015,2,3,1,weekday
2015-02-04,3571,0.0,1.1,2015,2,4,2,weekday
2015-02-05,3556,0.0,3.9,2015,2,5,3,weekday
2015-02-06,3482,0.0,4.6,2015,2,6,4,weekday
2015-02-07,3169,0.0,5.3,2015,2,7,5,weekend
2015-02-08,3071,0.0,2.4,2015,2,8,6,weekend
2015-02-09,3506,0.0,4.5,2015,2,9,0,weekday
2015-02-10,3551,0.0,3.3,2015,2,10,1,weekday
2015-02-11,3538,0.0,4.9,2015,2,11,2,weekday
2015-02-12,3477,0.0,5.9,2015,2,12,3,weekday
2015-02-13,3434,0.3,6.5,2015,2,13,4,weekday
2015-02-14,3072,0.0,5.9,2015,2,14,5,weekend
2015-02-15,2958,0.3,6.2,2015,2,15,6,weekend
2015-02-16,3336,0.1,4.4,2015,2,16,0,weekday
2015-02-17,3446,0.0,5.8,2015,2,17,1,weekday
2015-02-18,3416,0.1,9.6,2015,2,18,2,weekday
2015-02-19,3359,0.1,6.4,2015,2,19,3,weekday
2015-02-20,3370,0.1,3.5,2015,2,20,4,weekday
2015-02-21,3111,0.1,3.6,2015,2,21,5,weekend
2015-02-22,3011,0.5,5.9,2015,2,22,6,weekend
2015-02-23,3514,0.3,4.0,2015,2,23,0,weekday
2015-02-24,3518,0.2,5.6,2015,2,24,1,weekday
2015-02-25,3419,0.1,9.5,2015,2,25,2,weekday
2015-02-26,3382,0.2,5.9,2015,2,26,3,weekday
2015-02-27,3370,0.1,5.1,2015,2,27,4,weekday
2015-02-28,3072,0.1,8.1,2015,2,28,5,weekend
2015-03-01,2985,0.3,4.2,2015,3,1,6,weekend
2015-03-02,3395,0.3,2.3,2015,3,2,0,weekday
2015-03-03,3490,0.2,2.8,2015,3,3,1,weekday
2015-03-04,3451,0.0,5.6,2015,3,4,2,weekday
2015-03-05,3393,0.0,8.6,2015,3,5,3,weekday
2015-03-06,3314,0.0,9.2,2015,3,6,4,weekday
2015-03-07,3047,0.2,10.7,2015,3,7,5,weekend
2015-03-08,2850,0.1,7.0,2015,3,8,6,weekend
2015-03-09,3247,0.3,7.4,2015,3,9,0,weekday
2015-03-10,3275,0.0,6.0,2015,3,10,1,weekday
2015-03-11,3307,0.3,7.3,2015,3,11,2,weekday
2015-03-12,3353,0.5,7.2,2015,3,12,3,weekday
2015-03-13,3275,0.0,3.9,2015,3,13,4,weekday
2015-03-14,3050,0.0,3.9,2015,3,14,5,weekend
2015-03-15,2904,0.0,4.6,2015,3,15,6,weekend
2015-03-16,3241,0.0,5.4,2015,3,16,0,weekday
2015-03-17,2923,0.0,5.7,2015,3,17,1,weekday
2015-03-18,3268,0.0,4.8,2015,3,18,2,weekday
2015-03-19,3312,0.0,5.9,2015,3,19,3,weekday
2015-03-20,3258,0.0,8.0,2015,3,20,4,weekday
2015-03-21,2953,0.0,7.2,2015,3,21,5,weekend
2015-03-22,2795,0.0,6.2,2015,3,22,6,weekend
2015-03-23,3147,0.1,6.9,2015,3,23,0,weekday
2015-03-24,3263,0.1,4.8,2015,3,24,1,weekday
2015-03-25,3325,0.5,4.3,2015,3,25,2,weekday
2015-03-26,3261,0.1,7.4,2015,3,26,3,weekday
2015-03-27,3220,0.0,7.4,2015,3,27,4,weekday
2015-03-28,2962,0.3,10.1,2015,3,28,5,weekend
2015-03-29,2824,0.3,7.3,2015,3,29,6,weekend
2015-03-30,3268,0.3,7.7,2015,3,30,0,weekday
2015-03-31,3303,0.1,6.6,2015,3,31,1,weekday
2015-04-01,3293,0.1,7.2,2015,4,1,2,weekday
2015-04-02,3264,0.3,8.7,2015,4,2,3,weekday
2015-04-03,3088,0.1,8.8,2015,4,3,4,weekday
2015-04-04,2873,0.0,9.5,2015,4,4,5,weekend
2015-04-05,2632,0.0,9.3,2015,4,5,6,weekend
2015-04-06,2651,0.0,8.9,2015,4,6,0,weekday
2015-04-07,2992,0.0,9.5,2015,4,7,1,weekday
2015-04-08,3036,0.0,9.7,2015,4,8,2,weekday
2015-04-09,3009,0.0,9.4,2015,4,9,3,weekday
2015-04-10,3000,0.1,9.1,2015,4,10,4,weekday
2015-04-11,2771,0.2,6.2,2015,4,11,5,weekend
2015-04-12,2693,0.4,6.8,2015,4,12,6,weekend
2015-04-13,3076,0.0,9.3,2015,4,13,0,weekday
2015-04-14,3096,0.0,10.8,2015,4,14,1,weekday
2015-04-15,3110,0.1,8.7,2015,4,15,2,weekday
2015-04-16,3045,0.0,8.4,2015,4,16,3,weekday
2015-04-17,3001,0.0,8.8,2015,4,17,4,weekday
2015-04-18,2712,0.0,9.3,2015,4,18,5,weekend
2015-04-19,2627,0.0,8.4,2015,4,19,6,weekend
2015-04-20,2961,0.0,9.0,2015,4,20,0,weekday
2015-04-21,2988,0.0,9.8,2015,4,21,1,weekday
2015-04-22,2991,0.0,10.7,2015,4,22,2,weekday
2015-04-23,2980,0.0,10.8,2015,4,23,3,weekday
2015-04-24,2975,0.2,9.9,2015,4,24,4,weekday
2015-04-25,2755,0.2,8.1,2015,4,25,5,weekend
2015-04-26,2644,0.0,5.2,2015,4,26,6,weekend
2015-04-27,3059,0.1,4.4,2015,4,27,0,weekday
2015-04-28,3152,0.3,5.4,2015,4,28,1,weekday
2015-04-29,3122,0.1,6.6,2015,4,29,2,weekday
2015-04-30,3075,0.0,7.9,2015,4,30,3,weekday
2015-05-01,3051,0.1,7.5,2015,5,1,4,weekday
2015-05-02,2889,0.7,8.3,2015,5,2,5,weekend
2015-05-03,2668,0.6,11.1,2015,5,3,6,weekend
2015-05-04,2657,0.1,9.7,2015,5,4,0,weekday
2015-05-05,3026,0.6,8.3,2015,5,5,1,weekday
2015-05-06,3109,0.2,9.0,2015,5,6,2,weekday
2015-05-07,3058,0.0,8.5,2015,5,7,3,weekday
2015-05-08,3120,0.4,7.5,2015,5,8,4,weekday
2015-05-09,2783,0.0,10.0,2015,5,9,5,weekend
2015-05-10,2694,0.3,12.3,2015,5,10,6,weekend
2015-05-11,3003,0.1,11.6,2015,5,11,0,weekday
2015-05-12,3011,0.1,9.8,2015,5,12,1,weekday
2015-05-13,2948,0.0,9.3,2015,5,13,2,weekday
2015-05-14,3026,0.1,10.4,2015,5,14,3,weekday
2015-05-15,3023,0.1,10.5,2015,5,15,4,weekday
2015-05-16,2733,0.0,9.6,2015,5,16,5,weekend
2015-05-17,2638,0.1,9.6,2015,5,17,6,weekend
2015-05-18,2972,0.3,8.3,2015,5,18,0,weekday
2015-05-19,3040,0.1,8.2,2015,5,19,1,weekday
2015-05-20,3032,0.0,9.6,2015,5,20,2,weekday
2015-05-21,3073,0.0,11.1,2015,5,21,3,weekday
2015-05-22,2997,0.0,12.5,2015,5,22,4,weekday
2015-05-23,2722,0.1,11.8,2015,5,23,5,weekend
2015-05-24,2562,0.0,11.4,2015,5,24,6,weekend
2015-05-25,2924,0.0,11.6,2015,5,25,0,weekday
2015-05-26,2968,0.0,11.4,2015,5,26,1,weekday
2015-05-27,2980,0.2,9.6,2015,5,27,2,weekday
2015-05-28,2973,0.1,9.5,2015,5,28,3,weekday
2015-05-29,2911,0.2,9.0,2015,5,29,4,weekday
2015-05-30,2662,0.3,9.1,2015,5,30,5,weekend
2015-05-31,2527,0.1,8.9,2015,5,31,6,weekend
2015-06-01,2616,0.5,8.4,2015,6,1,0,weekday
2015-06-02,2940,0.1,10.2,2015,6,2,1,weekday
2015-06-03,2965,0.0,11.0,2015,6,3,2,weekday
2015-06-04,2948,0.1,11.6,2015,6,4,3,weekday
2015-06-05,2910,0.2,11.2,2015,6,5,4,weekday
2015-06-06,2695,0.1,10.6,2015,6,6,5,weekend
2015-06-07,2551,0.0,10.5,2015,6,7,6,weekend
2015-06-08,2777,0.0,10.1,2015,6,8,0,weekday
2015-06-09,2916,0.0,11.0,2015,6,9,1,weekday
2015-06-10,2894,0.0,12.3,2015,6,10,2,weekday
2015-06-11,2912,0.0,13.0,2015,6,11,3,weekday
2015-06-12,2892,0.0,13.5,2015,6,12,4,weekday
2015-06-13,2615,0.0,11.9,2015,6,13,5,weekend
2015-06-14,2481,0.0,11.1,2015,6,14,6,weekend
2015-06-15,2832,0.0,13.0,2015,6,15,0,weekday
2015-06-16,2907,0.0,14.7,2015,6,16,1,weekday
2015-06-17,2954,0.1,14.2,2015,6,17,2,weekday
2015-06-18,2882,0.0,12.4,2015,6,18,3,weekday
2015-06-19,2865,0.0,13.3,2015,6,19,4,weekday
2015-06-20,2617,0.0,14.9,2015,6,20,5,weekend
2015-06-21,2487,0.1,11.9,2015,6,21,6,weekend
2015-06-22,2825,0.0,12.5,2015,6,22,0,weekday
2015-06-23,2906,0.0,13.5,2015,6,23,1,weekday
2015-06-24,2907,0.0,15.0,2015,6,24,2,weekday
2015-06-25,2922,0.1,15.3,2015,6,25,3,weekday
2015-06-26,2881,0.1,15.6,2015,6,26,4,weekday
2015-06-27,2643,0.1,14.8,2015,6,27,5,weekend
2015-06-28,2496,0.1,15.1,2015,6,28,6,weekend
2015-06-29,2838,0.1,15.4,2015,6,29,0,weekday
2015-06-30,2974,0.0,17.9,2015,6,30,1,weekday
2015-07-01,2947,0.1,16.5,2015,7,1,2,weekday
2015-07-02,2919,0.1,15.5,2015,7,2,3,weekday
2015-07-03,2899,0.1,16.7,2015,7,3,4,weekday
2015-07-04,2623,0.1,15.7,2015,7,4,5,weekend
2015-07-05,2465,0.2,14.1,2015,7,5,6,weekend
2015-07-06,2877,0.5,14.5,2015,7,6,0,weekday
2015-07-07,2902,0.2,13.9,2015,7,7,1,weekday
2015-07-08,2889,0.0,13.4,2015,7,8,2,weekday
2015-07-09,2894,0.1,13.3,2015,7,9,3,weekday
2015-07-10,2884,0.1,15.4,2015,7,10,4,weekday
2015-07-11,2634,0.2,14.1,2015,7,11,5,weekend
2015-07-12,2518,0.0,14.4,2015,7,12,6,weekend
2015-07-13,2894,0.3,14.9,2015,7,13,0,weekday
2015-07-14,2904,0.1,13.6,2015,7,14,1,weekday
2015-07-15,2759,0.0,13.4,2015,7,15,2,weekday
2015-07-16,2909,0.3,13.3,2015,7,16,3,weekday
2015-07-17,2844,0.1,13.7,2015,7,17,4,weekday
2015-07-18,2596,0.5,13.3,2015,7,18,5,weekend
2015-07-19,2435,0.1,13.0,2015,7,19,6,weekend
2015-07-20,2854,0.2,14.7,2015,7,20,0,weekday
2015-07-21,2878,0.1,13.8,2015,7,21,1,weekday
2015-07-22,2881,0.0,13.1,2015,7,22,2,weekday
2015-07-23,2876,0.0,12.9,2015,7,23,3,weekday
2015-07-24,2803,0.1,12.1,2015,7,24,4,weekday
2015-07-25,2523,0.0,12.3,2015,7,25,5,weekend
2015-07-26,2483,0.6,13.5,2015,7,26,6,weekend
2015-07-27,2792,0.2,13.4,2015,7,27,0,weekday
2015-07-28,2658,0.1,12.2,2015,7,28,1,weekday
2015-07-29,2788,0.0,12.1,2015,7,29,2,weekday
2015-07-30,2843,0.0,12.2,2015,7,30,3,weekday
2015-07-31,2775,0.2,12.7,2015,7,31,4,weekday
2015-08-01,2549,0.1,13.0,2015,8,1,5,weekend
2015-08-02,2461,0.4,14.2,2015,8,2,6,weekend
2015-08-03,2503,0.2,14.7,2015,8,3,0,weekday
2015-08-04,2794,0.2,13.9,2015,8,4,1,weekday
2015-08-05,2851,0.5,13.5,2015,8,5,2,weekday
2015-08-06,2821,0.0,13.1,2015,8,6,3,weekday
2015-08-07,2785,0.0,12.8,2015,8,7,4,weekday
2015-08-08,2599,0.1,12.9,2015,8,8,5,weekend
2015-08-09,2478,0.0,15.2,2015,8,9,6,weekend
2015-08-10,2803,0.2,14.3,2015,8,10,0,weekday
2015-08-11,2887,0.0,13.3,2015,8,11,1,weekday
2015-08-12,2890,0.0,13.5,2015,8,12,2,weekday
2015-08-13,2893,0.0,13.7,2015,8,13,3,weekday
2015-08-14,2846,0.0,13.0,2015,8,14,4,weekday
2015-08-15,2587,0.0,12.2,2015,8,15,5,weekend
2015-08-16,2506,0.1,13.7,2015,8,16,6,weekend
2015-08-17,2886,0.1,15.2,2015,8,17,0,weekday
2015-08-18,2945,0.0,15.3,2015,8,18,1,weekday
2015-08-19,2967,0.3,15.2,2015,8,19,2,weekday
2015-08-20,2997,0.1,16.0,2015,8,20,3,weekday
2015-08-21,2938,0.0,15.9,2015,8,21,4,weekday
2015-08-22,2671,0.2,14.4,2015,8,22,5,weekend
2015-08-23,2547,0.7,13.3,2015,8,23,6,weekend
2015-08-24,2864,0.0,12.9,2015,8,24,0,weekday
2015-08-25,2941,0.4,12.4,2015,8,25,1,weekday
2015-08-26,2929,0.3,13.1,2015,8,26,2,weekday
2015-08-27,2902,0.2,13.0,2015,8,27,3,weekday
2015-08-28,2897,0.1,13.6,2015,8,28,4,weekday
2015-08-29,2657,0.1,14.0,2015,8,29,5,weekend
2015-08-30,2551,0.0,13.4,2015,8,30,6,weekend
2015-08-31,2940,0.1,12.9,2015,8,31,0,weekday
2015-09-01,2917,0.0,11.9,2015,9,1,1,weekday
2015-09-02,2937,0.0,11.2,2015,9,2,2,weekday
2015-09-03,2983,0.0,11.6,2015,9,3,3,weekday
2015-09-04,2965,0.0,12.7,2015,9,4,4,weekday
2015-09-05,2686,0.0,12.2,2015,9,5,5,weekend
2015-09-06,2604,0.0,11.5,2015,9,6,6,weekend
2015-09-07,2940,0.0,12.0,2015,9,7,0,weekday
2015-09-08,2944,0.0,13.9,2015,9,8,1,weekday
2015-09-09,2955,0.0,13.9,2015,9,9,2,weekday
2015-09-10,2980,0.1,14.9,2015,9,10,3,weekday
2015-09-11,2994,1.1,14.1,2015,9,11,4,weekday
2015-09-12,2667,0.1,12.2,2015,9,12,5,weekend
2015-09-13,2607,0.4,12.1,2015,9,13,6,weekend
2015-09-14,2996,0.4,11.5,2015,9,14,0,weekday
2015-09-15,3009,0.0,11.8,2015,9,15,1,weekday
2015-09-16,3006,0.0,10.6,2015,9,16,2,weekday
2015-09-17,3003,0.1,12.2,2015,9,17,3,weekday
2015-09-18,2924,0.0,13.0,2015,9,18,4,weekday
2015-09-19,2724,0.0,12.6,2015,9,19,5,weekend
2015-09-20,2640,0.3,13.4,2015,9,20,6,weekend
2015-09-21,2931,0.2,11.8,2015,9,21,0,weekday
2015-09-22,3003,0.0,11.0,2015,9,22,1,weekday
2015-09-23,3012,0.1,12.0,2015,9,23,2,weekday
2015-09-24,3006,0.1,10.9,2015,9,24,3,weekday
2015-09-25,3002,0.0,11.6,2015,9,25,4,weekday
2015-09-26,2726,0.0,12.7,2015,9,26,5,weekend
2015-09-27,2592,0.0,12.4,2015,9,27,6,weekend
2015-09-28,2965,0.0,12.7,2015,9,28,0,weekday
2015-09-29,3032,0.0,12.6,2015,9,29,1,weekday
2015-09-30,3071,0.0,11.2,2015,9,30,2,weekday
2015-10-01,3049,0.0,10.6,2015,10,1,3,weekday
2015-10-02,3029,0.0,9.9,2015,10,2,4,weekday
2015-10-03,2790,0.0,9.9,2015,10,3,5,weekend
2015-10-04,2651,0.0,10.7,2015,10,4,6,weekend
2015-10-05,2999,0.3,13.4,2015,10,5,0,weekday
2015-10-06,3075,0.1,13.2,2015,10,6,1,weekday
2015-10-07,3061,0.0,10.3,2015,10,7,2,weekday
2015-10-08,3079,0.0,10.8,2015,10,8,3,weekday
2015-10-09,3043,0.0,12.8,2015,10,9,4,weekday
2015-10-10,2809,0.0,12.1,2015,10,10,5,weekend
2015-10-11,2693,0.0,11.2,2015,10,11,6,weekend
2015-10-12,3017,0.0,9.3,2015,10,12,0,weekday
2015-10-13,3123,0.0,7.5,2015,10,13,1,weekday
2015-10-14,3151,0.0,8.6,2015,10,14,2,weekday
2015-10-15,3170,0.0,9.1,2015,10,15,3,weekday
2015-10-16,3141,0.0,8.2,2015,10,16,4,weekday
2015-10-17,2884,0.0,9.2,2015,10,17,5,weekend
2015-10-18,2785,0.0,9.7,2015,10,18,6,weekend
2015-10-19,3136,0.0,10.0,2015,10,19,0,weekday
2015-10-20,3207,0.2,10.2,2015,10,20,1,weekday
2015-10-21,3207,0.1,13.4,2015,10,21,2,weekday
2015-10-22,3111,0.0,11.3,2015,10,22,3,weekday
2015-10-23,3104,0.3,11.8,2015,10,23,4,weekday
2015-10-24,2824,0.4,8.8,2015,10,24,5,weekend
2015-10-25,2692,0.0,9.3,2015,10,25,6,weekend
2015-10-26,2779,0.2,12.4,2015,10,26,0,weekday
2015-10-27,3141,0.3,11.7,2015,10,27,1,weekday
2015-10-28,3168,0.1,11.0,2015,10,28,2,weekday
2015-10-29,2945,0.2,10.5,2015,10,29,3,weekday
2015-10-30,3563,0.3,12.5,2015,10,30,4,weekday
2015-10-31,2879,0.0,12.5,2015,10,31,5,weekend
2015-11-01,2728,0.0,10.1,2015,11,1,6,weekend
2015-11-02,3108,0.0,11.7,2015,11,2,0,weekday
2015-11-03,3217,0.0,10.4,2015,11,3,1,weekday
2015-11-04,3245,0.0,9.2,2015,11,4,2,weekday
2015-11-05,3551,0.3,11.5,2015,11,5,3,weekday
2015-11-06,3165,0.1,12.2,2015,11,6,4,weekday
2015-11-07,2914,0.3,10.6,2015,11,7,5,weekend
2015-11-08,2819,0.4,10.5,2015,11,8,6,weekend
2015-11-09,3269,0.4,13.0,2015,11,9,0,weekday
2015-11-10,3283,0.2,14.1,2015,11,10,1,weekday
2015-11-11,3228,0.3,11.5,2015,11,11,2,weekday
2015-11-12,3181,0.3,9.8,2015,11,12,3,weekday
2015-11-13,3307,0.3,6.1,2015,11,13,4,weekday
2015-11-14,3109,1.0,10.0,2015,11,14,5,weekend
2015-11-15,2961,0.4,13.8,2015,11,15,6,weekend
2015-11-16,3104,0.1,7.5,2015,11,16,0,weekday
2015-11-17,3329,0.3,8.3,2015,11,17,1,weekday
2015-11-18,3373,0.4,10.3,2015,11,18,2,weekday
2015-11-19,3351,0.1,8.1,2015,11,19,3,weekday
2015-11-20,3376,0.1,5.0,2015,11,20,4,weekday
2015-11-21,3164,0.1,4.7,2015,11,21,5,weekend
2015-11-22,3011,0.0,5.2,2015,11,22,6,weekend
2015-11-23,3429,0.2,6.5,2015,11,23,0,weekday
2015-11-24,3455,0.1,8.8,2015,11,24,1,weekday
2015-11-25,3437,0.1,10.1,2015,11,25,2,weekday
2015-11-26,3403,0.0,11.2,2015,11,26,3,weekday
2015-11-27,3388,0.3,7.4,2015,11,27,4,weekday
2015-11-28,3180,0.4,6.7,2015,11,28,5,weekend
2015-11-29,3059,0.3,8.1,2015,11,29,6,weekend
2015-11-30,3435,0.5,7.2,2015,11,30,0,weekday
2015-12-01,3419,0.2,11.6,2015,12,1,1,weekday
2015-12-02,3415,0.2,9.4,2015,12,2,2,weekday
2015-12-03,3499,0.7,5.3,2015,12,3,3,weekday
2015-12-04,3430,0.4,9.6,2015,12,4,4,weekday
2015-12-05,3237,1.5,11.3,2015,12,5,5,weekend
2015-12-06,2976,0.3,7.6,2015,12,6,6,weekend
2015-12-07,3429,0.2,11.8,2015,12,7,0,weekday
2015-12-08,3455,0.2,7.5,2015,12,8,1,weekday
2015-12-09,3451,0.5,9.7,2015,12,9,2,weekday
2015-12-10,3460,0.2,6.2,2015,12,10,3,weekday
2015-12-11,3408,0.1,5.6,2015,12,11,4,weekday
2015-12-12,3224,1.0,4.7,2015,12,12,5,weekend
2015-12-13,3053,0.2,6.1,2015,12,13,6,weekend
2015-12-14,3408,0.3,9.7,2015,12,14,0,weekday
2015-12-15,3472,0.3,10.6,2015,12,15,1,weekday
2015-12-16,3422,0.1,12.3,2015,12,16,2,weekday
2015-12-17,3371,0.2,12.1,2015,12,17,3,weekday
2015-12-18,3353,0.2,12.2,2015,12,18,4,weekday
2015-12-19,3105,0.2,12.2,2015,12,19,5,weekend
2015-12-20,2956,0.1,8.2,2015,12,20,6,weekend
2015-12-21,3353,0.2,8.5,2015,12,21,0,weekday
2015-12-22,3356,0.5,9.3,2015,12,22,1,weekday
2015-12-23,3270,0.3,7.7,2015,12,23,2,weekday
2015-12-24,3059,0.3,5.3,2015,12,24,3,weekday
2015-12-25,2847,0.6,5.5,2015,12,25,4,weekday
2015-12-26,2695,0.4,6.2,2015,12,26,5,weekend
2015-12-27,2782,0.0,7.0,2015,12,27,6,weekend
2015-12-28,2911,0.7,10.9,2015,12,28,0,weekday
2015-12-29,3042,0.5,8.9,2015,12,29,1,weekday
2015-12-30,3095,0.8,7.5,2015,12,30,2,weekday
2015-12-31,3055,0.3,3.9,2015,12,31,3,weekday
2016-01-01,2900,0.4,5.9,2016,1,1,4,weekday
2016-01-02,2916,0.2,7.5,2016,1,2,5,weekend
2016-01-03,2871,0.4,7.2,2016,1,3,6,weekend
2016-01-04,3310,0.1,6.7,2016,1,4,0,weekday
2016-01-05,3417,0.2,6.5,2016,1,5,1,weekday
2016-01-06,3466,0.4,5.4,2016,1,6,2,weekday
2016-01-07,3446,0.2,4.8,2016,1,7,3,weekday
2016-01-08,3437,0.2,3.9,2016,1,8,4,weekday
2016-01-09,3173,0.3,3.5,2016,1,9,5,weekend
2016-01-10,3040,0.1,3.7,2016,1,10,6,weekend
2016-01-11,3475,0.1,3.9,2016,1,11,0,weekday
2016-01-12,3578,0.1,4.1,2016,1,12,1,weekday
2016-01-13,3635,0.2,2.8,2016,1,13,2,weekday
2016-01-14,3627,0.1,2.4,2016,1,14,3,weekday
2016-01-15,3594,0.1,3.1,2016,1,15,4,weekday
2016-01-16,3301,0.0,3.7,2016,1,16,5,weekend
2016-01-17,3101,0.3,6.3,2016,1,17,6,weekend
2016-01-18,3459,0.1,7.0,2016,1,18,0,weekday
2016-01-19,3525,0.0,5.8,2016,1,19,1,weekday
2016-01-20,3532,0.1,4.9,2016,1,20,2,weekday
2016-01-21,3502,0.2,9.9,2016,1,21,3,weekday
2016-01-22,3392,0.3,10.3,2016,1,22,4,weekday
2016-01-23,3117,0.1,9.5,2016,1,23,5,weekend
2016-01-24,2958,0.1,12.7,2016,1,24,6,weekend
2016-01-25,3320,0.1,10.0,2016,1,25,0,weekday
2016-01-26,3463,0.8,10.0,2016,1,26,1,weekday
2016-01-27,3418,0.4,6.6,2016,1,27,2,weekday
2016-01-28,3520,0.2,7.5,2016,1,28,3,weekday
2016-01-29,3430,0.2,8.5,2016,1,29,4,weekday
2016-01-30,3182,0.1,3.5,2016,1,30,5,weekend
2016-01-31,3014,0.2,8.9,2016,1,31,6,weekend
2016-02-01,3387,0.1,9.1,2016,2,1,0,weekday
2016-02-02,3488,0.1,4.7,2016,2,2,1,weekday
2016-02-03,3481,0.1,5.8,2016,2,3,2,weekday
2016-02-04,3422,0.0,9.9,2016,2,4,3,weekday
2016-02-05,3415,0.3,7.0,2016,2,5,4,weekday
2016-02-06,3181,0.3,5.8,2016,2,6,5,weekend
2016-02-07,3103,0.4,5.4,2016,2,7,6,weekend
2016-02-08,3470,0.5,5.9,2016,2,8,0,weekday
2016-02-09,3583,0.4,3.6,2016,2,9,1,weekday
2016-02-10,3531,0.1,4.0,2016,2,10,2,weekday
2016-02-11,3524,0.0,3.1,2016,2,11,3,weekday
2016-02-12,3481,0.1,3.7,2016,2,12,4,weekday
2016-02-13,3171,0.3,5.0,2016,2,13,5,weekend
2016-02-14,3011,0.0,3.6,2016,2,14,6,weekend
2016-02-15,3462,0.0,2.7,2016,2,15,0,weekday
2016-02-16,3594,0.7,7.0,2016,2,16,1,weekday
2016-02-17,3519,0.3,3.4,2016,2,17,2,weekday
2016-02-18,3502,0.1,3.1,2016,2,18,3,weekday
2016-02-19,3474,0.1,7.2,2016,2,19,4,weekday
2016-02-20,3220,0.1,8.2,2016,2,20,5,weekend
2016-02-21,3040,0.2,9.1,2016,2,21,6,weekend
2016-02-22,3372,0.0,5.1,2016,2,22,0,weekday
2016-02-23,3469,0.0,3.2,2016,2,23,1,weekday
2016-02-24,3514,0.0,2.0,2016,2,24,2,weekday
2016-02-25,3540,0.0,2.8,2016,2,25,3,weekday
2016-02-26,3468,0.3,4.4,2016,2,26,4,weekday
2016-02-27,3197,0.1,4.1,2016,2,27,5,weekend
2016-02-28,3036,0.0,3.6,2016,2,28,6,weekend
2016-02-29,3492,0.5,6.6,2016,2,29,0,weekday
2016-03-01,3486,0.4,8.1,2016,3,1,1,weekday
2016-03-02,3539,0.3,5.5,2016,3,2,2,weekday
2016-03-03,3436,0.1,5.0,2016,3,3,3,weekday
2016-03-04,3578,0.1,4.0,2016,3,4,4,weekday
2016-03-05,3193,0.0,4.3,2016,3,5,5,weekend
2016-03-06,3082,0.1,2.8,2016,3,6,6,weekend
2016-03-07,3379,0.0,5.0,2016,3,7,0,weekday
2016-03-08,3475,0.3,6.4,2016,3,8,1,weekday
2016-03-09,3436,0.1,5.8,2016,3,9,2,weekday
2016-03-10,3426,0.0,7.6,2016,3,10,3,weekday
2016-03-11,3329,0.1,9.7,2016,3,11,4,weekday
2016-03-12,3037,0.0,10.2,2016,3,12,5,weekend
2016-03-13,2884,0.0,9.7,2016,3,13,6,weekend
2016-03-14,3196,0.0,7.7,2016,3,14,0,weekday
2016-03-15,3257,0.0,7.2,2016,3,15,1,weekday
2016-03-16,3288,0.0,7.8,2016,3,16,2,weekday
2016-03-17,2908,0.0,5.7,2016,3,17,3,weekday
2016-03-18,3184,0.0,4.5,2016,3,18,4,weekday
2016-03-19,3028,0.0,6.5,2016,3,19,5,weekend
2016-03-20,2879,0.0,6.1,2016,3,20,6,weekend
2016-03-21,3325,0.0,6.1,2016,3,21,0,weekday
2016-03-22,3373,0.0,6.8,2016,3,22,1,weekday
2016-03-23,3329,0.0,7.5,2016,3,23,2,weekday
2016-03-24,3240,0.2,8.0,2016,3,24,3,weekday
2016-03-25,3096,0.1,8.3,2016,3,25,4,weekday
2016-03-26,2915,0.6,7.3,2016,3,26,5,weekend
2016-03-27,2726,0.2,5.9,2016,3,27,6,weekend
2016-03-28,2788,0.1,5.4,2016,3,28,0,weekday
2016-03-29,3151,0.1,4.8,2016,3,29,1,weekday
2016-03-30,3249,0.1,5.5,2016,3,30,2,weekday
2016-03-31,3218,0.0,6.2,2016,3,31,3,weekday
2016-04-01,3207,0.5,8.0,2016,4,1,4,weekday
2016-04-02,3010,0.2,7.3,2016,4,2,5,weekend
2016-04-03,2901,0.2,8.2,2016,4,3,6,weekend
2016-04-04,3226,0.1,8.2,2016,4,4,0,weekday
2016-04-05,3248,0.1,7.7,2016,4,5,1,weekday
2016-04-06,3236,0.2,6.3,2016,4,6,2,weekday
2016-04-07,3271,0.1,7.4,2016,4,7,3,weekday
2016-04-08,3255,0.2,6.1,2016,4,8,4,weekday
2016-04-09,3001,0.1,3.3,2016,4,9,5,weekend
2016-04-10,2841,0.3,5.4,2016,4,10,6,weekend
2016-04-11,3351,0.3,7.8,2016,4,11,0,weekday
2016-04-12,3388,0.1,7.9,2016,4,12,1,weekday
2016-04-13,3425,0.1,8.3,2016,4,13,2,weekday
2016-04-14,3195,0.0,8.8,2016,4,14,3,weekday
2016-04-15,3187,0.0,6.3,2016,4,15,4,weekday
2016-04-16,2937,0.0,4.9,2016,4,16,5,weekend
2016-04-17,2864,0.0,6.3,2016,4,17,6,weekend
2016-04-18,3185,0.0,8.8,2016,4,18,0,weekday
2016-04-19,3201,0.0,9.0,2016,4,19,1,weekday
2016-04-20,3133,0.0,9.3,2016,4,20,2,weekday
2016-04-21,3124,0.0,9.8,2016,4,21,3,weekday
2016-04-22,3065,0.0,9.4,2016,4,22,4,weekday
2016-04-23,2827,0.0,7.5,2016,4,23,5,weekend
2016-04-24,2708,0.0,7.7,2016,4,24,6,weekend
2016-04-25,3095,0.0,8.1,2016,4,25,0,weekday
2016-04-26,3163,0.0,5.5,2016,4,26,1,weekday
2016-04-27,3194,0.0,4.8,2016,4,27,2,weekday
2016-04-28,3217,0.2,5.3,2016,4,28,3,weekday
2016-04-29,3186,0.1,5.8,2016,4,29,4,weekday
2016-04-30,2886,0.0,7.5,2016,4,30,5,weekend
2016-05-01,2740,0.2,11.3,2016,5,1,6,weekend
2016-05-02,2755,0.3,9.5,2016,5,2,0,weekday
2016-05-03,3054,0.0,9.0,2016,5,3,1,weekday
2016-05-04,3100,0.0,10.1,2016,5,4,2,weekday
2016-05-05,3107,0.0,10.5,2016,5,5,3,weekday
2016-05-06,3005,0.0,9.8,2016,5,6,4,weekday
2016-05-07,2831,0.3,9.6,2016,5,7,5,weekend
2016-05-08,2658,0.1,14.2,2016,5,8,6,weekend
2016-05-09,2959,0.1,15.5,2016,5,9,0,weekday
2016-05-10,3031,0.2,14.0,2016,5,10,1,weekday
2016-05-11,3070,0.0,13.9,2016,5,11,2,weekday
2016-05-12,2974,0.0,15.1,2016,5,12,3,weekday
2016-05-13,2941,0.0,14.0,2016,5,13,4,weekday
2016-05-14,2673,0.0,11.1,2016,5,14,5,weekend
2016-05-15,2584,0.0,10.5,2016,5,15,6,weekend
2016-05-16,2934,0.0,11.0,2016,5,16,0,weekday
2016-05-17,2993,0.2,11.6,2016,5,17,1,weekday
2016-05-18,3002,0.1,10.7,2016,5,18,2,weekday
2016-05-19,2848,0.2,11.4,2016,5,19,3,weekday
2016-05-20,3224,0.3,11.4,2016,5,20,4,weekday
2016-05-21,2717,0.3,11.8,2016,5,21,5,weekend
2016-05-22,2616,0.1,9.8,2016,5,22,6,weekend
2016-05-23,2950,0.0,10.0,2016,5,23,0,weekday
2016-05-24,2974,0.0,11.7,2016,5,24,1,weekday
2016-05-25,2971,0.0,11.1,2016,5,25,2,weekday
2016-05-26,3043,0.0,10.2,2016,5,26,3,weekday
2016-05-27,2969,0.0,12.2,2016,5,27,4,weekday
2016-05-28,2694,0.0,13.5,2016,5,28,5,weekend
2016-05-29,2553,0.1,13.9,2016,5,29,6,weekend
2016-05-30,2895,0.0,14.4,2016,5,30,0,weekday
2016-05-31,2939,0.0,14.3,2016,5,31,1,weekday
2016-06-01,2936,0.0,14.2,2016,6,1,2,weekday
2016-06-02,2927,0.0,14.6,2016,6,2,3,weekday
2016-06-03,2887,0.0,13.6,2016,6,3,4,weekday
2016-06-04,2622,0.0,15.3,2016,6,4,5,weekend
2016-06-05,2492,0.0,16.9,2016,6,5,6,weekend
2016-06-06,2570,0.1,16.7,2016,6,6,0,weekday
2016-06-07,2943,0.0,17.0,2016,6,7,1,weekday
2016-06-08,2999,0.0,16.6,2016,6,8,2,weekday
2016-06-09,2972,0.0,16.3,2016,6,9,3,weekday
2016-06-10,2977,0.2,15.7,2016,6,10,4,weekday
2016-06-11,2704,0.2,15.7,2016,6,11,5,weekend
2016-06-12,2570,0.2,15.1,2016,6,12,6,weekend
2016-06-13,2919,0.3,14.4,2016,6,13,0,weekday
2016-06-14,2969,0.4,13.7,2016,6,14,1,weekday
2016-06-15,2958,0.2,13.8,2016,6,15,2,weekday
2016-06-16,2954,0.0,12.7,2016,6,16,3,weekday
2016-06-17,2902,0.0,12.2,2016,6,17,4,weekday
2016-06-18,2659,0.1,12.8,2016,6,18,5,weekend
2016-06-19,2600,0.5,15.2,2016,6,19,6,weekend
2016-06-20,2907,0.0,14.2,2016,6,20,0,weekday
2016-06-21,2931,0.0,14.4,2016,6,21,1,weekday
2016-06-22,2929,0.0,14.2,2016,6,22,2,weekday
2016-06-23,2945,0.1,13.8,2016,6,23,3,weekday
2016-06-24,2926,0.3,13.2,2016,6,24,4,weekday
2016-06-25,2681,0.0,13.4,2016,6,25,5,weekend
2016-06-26,2581,0.1,14.2,2016,6,26,6,weekend
2016-06-27,2879,0.0,13.5,2016,6,27,0,weekday
2016-06-28,2965,0.3,12.6,2016,6,28,1,weekday
2016-06-29,2963,0.4,13.2,2016,6,29,2,weekday
2016-06-30,2952,0.1,12.3,2016,6,30,3,weekday
2016-07-01,2897,0.2,11.6,2016,7,1,4,weekday
2016-07-02,2643,0.1,12.5,2016,7,2,5,weekend
2016-07-03,2514,0.0,13.1,2016,7,3,6,weekend
2016-07-04,2865,0.2,13.1,2016,7,4,0,weekday
2016-07-05,2933,0.0,13.2,2016,7,5,1,weekday
2016-07-06,2985,0.1,14.4,2016,7,6,2,weekday
2016-07-07,2967,0.0,15.3,2016,7,7,3,weekday
2016-07-08,2911,0.1,15.4,2016,7,8,4,weekday
2016-07-09,2706,0.4,16.6,2016,7,9,5,weekend
2016-07-10,2577,0.2,14.9,2016,7,10,6,weekend
2016-07-11,2881,0.1,13.9,2016,7,11,0,weekday
2016-07-12,2931,0.1,12.8,2016,7,12,1,weekday
2016-07-13,2942,0.1,12.7,2016,7,13,2,weekday
2016-07-14,2947,0.1,13.2,2016,7,14,3,weekday
2016-07-15,2965,0.2,16.6,2016,7,15,4,weekday
2016-07-16,2702,0.0,15.3,2016,7,16,5,weekend
2016-07-17,2569,0.0,16.3,2016,7,17,6,weekend
2016-07-18,2973,0.0,18.6,2016,7,18,0,weekday
2016-07-19,3046,0.0,19.5,2016,7,19,1,weekday
2016-07-20,3002,0.0,16.6,2016,7,20,2,weekday
2016-07-21,3001,0.2,16.5,2016,7,21,3,weekday
2016-07-22,2938,0.0,15.4,2016,7,22,4,weekday
2016-07-23,2696,0.0,15.7,2016,7,23,5,weekend
2016-07-24,2537,0.1,15.0,2016,7,24,6,weekend
2016-07-25,2867,0.1,14.1,2016,7,25,0,weekday
2016-07-26,2937,0.3,15.1,2016,7,26,1,weekday
2016-07-27,2909,0.0,15.0,2016,7,27,2,weekday
2016-07-28,2941,0.2,15.7,2016,7,28,3,weekday
2016-07-29,2885,0.0,15.0,2016,7,29,4,weekday
2016-07-30,2633,0.0,14.1,2016,7,30,5,weekend
2016-07-31,2495,0.0,14.0,2016,7,31,6,weekend
2016-08-01,2531,0.3,14.5,2016,8,1,0,weekday
2016-08-02,2880,0.1,16.5,2016,8,2,1,weekday
2016-08-03,2853,0.2,15.3,2016,8,3,2,weekday
2016-08-04,2922,0.1,15.3,2016,8,4,3,weekday
2016-08-05,2903,0.0,15.1,2016,8,5,4,weekday
2016-08-06,2673,0.0,16.5,2016,8,6,5,weekend
2016-08-07,2542,0.1,15.3,2016,8,7,6,weekend
2016-08-08,2852,0.0,13.8,2016,8,8,0,weekday
2016-08-09,2931,0.0,12.9,2016,8,9,1,weekday
2016-08-10,2992,0.1,13.9,2016,8,10,2,weekday
2016-08-11,3024,0.0,15.2,2016,8,11,3,weekday
2016-08-12,2979,0.1,15.7,2016,8,12,4,weekday
2016-08-13,2706,0.0,14.7,2016,8,13,5,weekend
2016-08-14,2587,0.0,14.7,2016,8,14,6,weekend
2016-08-15,2934,0.0,16.6,2016,8,15,0,weekday
2016-08-16,3028,0.0,18.1,2016,8,16,1,weekday
2016-08-17,3093,0.6,16.1,2016,8,17,2,weekday
2016-08-18,3050,0.1,15.7,2016,8,18,3,weekday
2016-08-19,3025,0.4,15.8,2016,8,19,4,weekday
2016-08-20,2774,0.5,15.2,2016,8,20,5,weekend
2016-08-21,2627,0.2,15.6,2016,8,21,6,weekend
2016-08-22,2988,0.1,16.6,2016,8,22,0,weekday
2016-08-23,3056,0.3,14.4,2016,8,23,1,weekday
2016-08-24,3004,0.0,14.3,2016,8,24,2,weekday
2016-08-25,3012,0.1,14.4,2016,8,25,3,weekday
2016-08-26,2941,0.1,14.5,2016,8,26,4,weekday
2016-08-27,2702,0.0,14.7,2016,8,27,5,weekend
2016-08-28,2594,0.0,15.4,2016,8,28,6,weekend
2016-08-29,2965,0.0,14.8,2016,8,29,0,weekday
2016-08-30,3046,0.1,16.4,2016,8,30,1,weekday
2016-08-31,3028,0.0,14.4,2016,8,31,2,weekday
2016-09-01,3034,0.2,13.9,2016,9,1,3,weekday
2016-09-02,2964,0.0,15.0,2016,9,2,4,weekday
2016-09-03,2771,0.5,14.8,2016,9,3,5,weekend
2016-09-04,2620,0.3,14.9,2016,9,4,6,weekend
2016-09-05,3019,0.2,18.1,2016,9,5,0,weekday
2016-09-06,3098,0.1,18.2,2016,9,6,1,weekday
2016-09-07,3088,0.1,17.6,2016,9,7,2,weekday
2016-09-08,3033,0.1,14.8,2016,9,8,3,weekday
2016-09-09,3009,0.4,14.1,2016,9,9,4,weekday
2016-09-10,2691,0.0,12.9,2016,9,10,5,weekend
2016-09-11,2659,0.1,14.4,2016,9,11,6,weekend
2016-09-12,3110,0.4,15.8,2016,9,12,0,weekday
2016-09-13,3019,0.0,13.3,2016,9,13,1,weekday
2016-09-14,3036,0.1,14.3,2016,9,14,2,weekday
2016-09-15,3070,0.0,14.8,2016,9,15,3,weekday
2016-09-16,3000,0.0,12.8,2016,9,16,4,weekday
2016-09-17,2736,0.0,13.4,2016,9,17,5,weekend
2016-09-18,2624,0.2,13.8,2016,9,18,6,weekend
2016-09-19,2964,0.0,12.4,2016,9,19,0,weekday
2016-09-20,3012,0.0,12.8,2016,9,20,1,weekday
2016-09-21,3044,0.3,12.1,2016,9,21,2,weekday
2016-09-22,3008,0.1,10.6,2016,9,22,3,weekday
2016-09-23,3025,0.1,12.9,2016,9,23,4,weekday
2016-09-24,2846,0.5,15.2,2016,9,24,5,weekend
2016-09-25,2627,0.1,11.2,2016,9,25,6,weekend
2016-09-26,3010,0.1,12.5,2016,9,26,0,weekday
2016-09-27,3058,0.0,14.8,2016,9,27,1,weekday
2016-09-28,3086,0.1,15.8,2016,9,28,2,weekday
2016-09-29,3085,0.1,12.3,2016,9,29,3,weekday
2016-09-30,3030,0.2,10.1,2016,9,30,4,weekday
2016-10-01,2794,0.1,9.4,2016,10,1,5,weekend
2016-10-02,2660,0.0,9.7,2016,10,2,6,weekend
2016-10-03,3054,0.3,14.0,2016,10,3,0,weekday
2016-10-04,3109,0.2,13.7,2016,10,4,1,weekday
2016-10-05,3149,0.0,13.4,2016,10,5,2,weekday
2016-10-06,3143,0.0,11.3,2016,10,6,3,weekday
2016-10-07,3095,0.0,11.5,2016,10,7,4,weekday
2016-10-08,2862,0.0,12.4,2016,10,8,5,weekend
2016-10-09,2733,0.0,11.8,2016,10,9,6,weekend
2016-10-10,3078,0.0,10.7,2016,10,10,0,weekday
2016-10-11,3129,0.0,10.1,2016,10,11,1,weekday
2016-10-12,3143,0.0,10.8,2016,10,12,2,weekday
2016-10-13,3162,0.1,9.4,2016,10,13,3,weekday
2016-10-14,3171,0.2,8.9,2016,10,14,4,weekday
2016-10-15,2887,0.3,9.8,2016,10,15,5,weekend
2016-10-16,2778,0.4,10.7,2016,10,16,6,weekend
2016-10-17,3100,0.1,11.2,2016,10,17,0,weekday
2016-10-18,3203,0.0,9.3,2016,10,18,1,weekday
2016-10-19,3250,0.0,9.4,2016,10,19,2,weekday
2016-10-20,3239,0.0,9.2,2016,10,20,3,weekday
2016-10-21,3219,0.0,9.3,2016,10,21,4,weekday
2016-10-22,2917,0.0,9.9,2016,10,22,5,weekend
2016-10-23,2803,0.0,8.8,2016,10,23,6,weekend
2016-10-24,3211,0.0,8.5,2016,10,24,0,weekday
2016-10-25,3307,0.0,8.4,2016,10,25,1,weekday
2016-10-26,3266,0.0,12.0,2016,10,26,2,weekday
2016-10-27,3255,0.1,12.9,2016,10,27,3,weekday
2016-10-28,3220,0.1,12.7,2016,10,28,4,weekday
2016-10-29,2958,0.0,11.4,2016,10,29,5,weekend
2016-10-30,2798,0.0,11.3,2016,10,30,6,weekend
2016-10-31,2814,0.0,11.2,2016,10,31,0,weekday
2016-11-01,3177,0.0,8.4,2016,11,1,1,weekday
2016-11-02,3266,0.0,6.9,2016,11,2,2,weekday
2016-11-03,3296,0.1,8.3,2016,11,3,3,weekday
2016-11-04,3246,0.1,7.3,2016,11,4,4,weekday
2016-11-05,2994,0.0,6.3,2016,11,5,5,weekend
2016-11-06,2919,0.0,5.3,2016,11,6,6,weekend
2016-11-07,3346,0.0,4.6,2016,11,7,0,weekday
2016-11-08,3436,0.5,6.6,2016,11,8,1,weekday
2016-11-09,3395,0.1,7.6,2016,11,9,2,weekday
2016-11-10,3357,0.0,7.5,2016,11,10,3,weekday
2016-11-11,3393,0.4,8.0,2016,11,11,4,weekday
2016-11-12,3053,0.0,10.0,2016,11,12,5,weekend
2016-11-13,2939,0.0,10.0,2016,11,13,6,weekend
2016-11-14,3278,0.1,12.9,2016,11,14,0,weekday
2016-11-15,3342,0.0,11.1,2016,11,15,1,weekday
2016-11-16,3324,0.2,8.5,2016,11,16,2,weekday
2016-11-17,2841,0.5,4.7,2016,11,17,3,weekday
2016-11-18,3445,0.2,3.6,2016,11,18,4,weekday
2016-11-19,3211,0.1,2.6,2016,11,19,5,weekend
2016-11-20,3128,0.0,1.0,2016,11,20,6,weekend
2016-11-21,3584,0.0,3.0,2016,11,21,0,weekday
2016-11-22,3584,0.0,5.2,2016,11,22,1,weekday
2016-11-23,3620,0.0,2.9,2016,11,23,2,weekday
2016-11-24,3582,0.0,3.4,2016,11,24,3,weekday
2016-11-25,3551,0.0,2.3,2016,11,25,4,weekday
2016-11-26,3298,0.0,3.6,2016,11,26,5,weekend
2016-11-27,3126,0.0,6.9,2016,11,27,6,weekend
2016-11-28,3514,0.0,6.5,2016,11,28,0,weekday
2016-11-29,3580,0.0,4.9,2016,11,29,1,weekday
2016-11-30,3611,0.0,3.6,2016,11,30,2,weekday
2016-12-01,3683,0.0,2.0,2016,12,1,3,weekday
2016-12-02,3615,0.0,3.6,2016,12,2,4,weekday
2016-12-03,3285,0.0,6.3,2016,12,3,5,weekend
2016-12-04,3123,0.0,5.2,2016,12,4,6,weekend
2016-12-05,3544,0.0,5.6,2016,12,5,0,weekday
2016-12-06,3546,0.1,10.9,2016,12,6,1,weekday
2016-12-07,3503,0.1,13.0,2016,12,7,2,weekday
2016-12-08,3437,0.1,10.6,2016,12,8,3,weekday
2016-12-09,3384,0.0,12.0,2016,12,9,4,weekday
2016-12-10,3184,0.0,8.3,2016,12,10,5,weekend
2016-12-11,3042,0.0,7.2,2016,12,11,6,weekend
2016-12-12,3462,0.2,8.4,2016,12,12,0,weekday
2016-12-13,3494,0.2,10.3,2016,12,13,1,weekday
2016-12-14,3524,0.4,8.0,2016,12,14,2,weekday
2016-12-15,3516,0.3,6.8,2016,12,15,3,weekday
2016-12-16,3479,0.2,6.3,2016,12,16,4,weekday
2016-12-17,3221,0.0,4.9,2016,12,17,5,weekend
2016-12-18,3065,0.0,7.5,2016,12,18,6,weekend
2016-12-19,3499,0.0,6.7,2016,12,19,0,weekday
2016-12-20,3649,0.3,4.6,2016,12,20,1,weekday
2016-12-21,3521,0.2,5.8,2016,12,21,2,weekday
2016-12-22,3458,0.1,6.2,2016,12,22,3,weekday
2016-12-23,3357,0.4,7.9,2016,12,23,4,weekday
2016-12-24,3108,0.2,8.5,2016,12,24,5,weekend
2016-12-25,2817,0.1,10.1,2016,12,25,6,weekend
2016-12-26,2779,0.0,5.5,2016,12,26,0,weekday
2016-12-27,2888,0.0,6.0,2016,12,27,1,weekday
2016-12-28,3036,0.0,6.9,2016,12,28,2,weekday
2016-12-29,3125,0.0,8.3,2016,12,29,3,weekday
2016-12-30,3082,0.0,10.8,2016,12,30,4,weekday
2016-12-31,2949,0.2,9.5,2016,12,31,5,weekend
2017-01-01,2818,0.1,4.3,2017,1,1,6,weekend
2017-01-02,3024,0.0,2.2,2017,1,2,0,weekday
2017-01-03,3512,0.0,3.5,2017,1,3,1,weekday
2017-01-04,3577,0.0,4.9,2017,1,4,2,weekday
2017-01-05,3563,0.1,5.9,2017,1,5,3,weekday
2017-01-06,3461,0.4,10.1,2017,1,6,4,weekday
2017-01-07,3155,0.1,9.5,2017,1,7,5,weekend
2017-01-08,2988,0.0,9.6,2017,1,8,6,weekend
2017-01-09,3419,0.3,7.2,2017,1,9,0,weekday
2017-01-10,3497,0.0,9.1,2017,1,10,1,weekday
2017-01-11,3526,0.0,7.2,2017,1,11,2,weekday
2017-01-12,3578,0.2,3.0,2017,1,12,3,weekday
2017-01-13,3615,0.1,2.8,2017,1,13,4,weekday
2017-01-14,3283,0.0,5.6,2017,1,14,5,weekend
2017-01-15,3097,0.0,8.9,2017,1,15,6,weekend
2017-01-16,3446,0.0,9.2,2017,1,16,0,weekday
2017-01-17,3485,0.0,8.8,2017,1,17,1,weekday
2017-01-18,3460,0.0,8.2,2017,1,18,2,weekday
2017-01-19,3480,0.0,6.5,2017,1,19,3,weekday
2017-01-20,3459,0.0,5.1,2017,1,20,4,weekday
2017-01-21,3271,0.0,2.1,2017,1,21,5,weekend
2017-01-22,3139,0.0,2.9,2017,1,22,6,weekend
2017-01-23,3471,0.0,5.8,2017,1,23,0,weekday
2017-01-24,3449,0.1,9.7,2017,1,24,1,weekday
2017-01-25,3462,0.0,9.5,2017,1,25,2,weekday
2017-01-26,3540,0.2,6.6,2017,1,26,3,weekday
2017-01-27,3490,0.2,6.5,2017,1,27,4,weekday
2017-01-28,3215,0.1,3.9,2017,1,28,5,weekend
2017-01-29,3105,0.2,5.0,2017,1,29,6,weekend
2017-01-30,3481,0.2,9.0,2017,1,30,0,weekday
2017-01-31,3475,0.2,8.3,2017,1,31,1,weekday
2017-02-01,3523,0.1,7.4,2017,2,1,2,weekday
2017-02-02,3521,0.2,10.2,2017,2,2,3,weekday
2017-02-03,3470,0.1,5.4,2017,2,3,4,weekday
2017-02-04,3194,0.1,3.1,2017,2,4,5,weekend
2017-02-05,3076,0.0,2.4,2017,2,5,6,weekend
2017-02-06,3561,0.3,6.3,2017,2,6,0,weekday
2017-02-07,3523,0.1,4.3,2017,2,7,1,weekday
2017-02-08,3568,0.0,4.0,2017,2,8,2,weekday
2017-02-09,3602,0.0,5.4,2017,2,9,3,weekday
2017-02-10,3608,0.0,2.8,2017,2,10,4,weekday
2017-02-11,3329,0.0,2.9,2017,2,11,5,weekend
2017-02-12,3269,0.1,3.8,2017,2,12,6,weekend
2017-02-13,3620,0.1,6.9,2017,2,13,0,weekday
2017-02-14,3626,0.1,7.4,2017,2,14,1,weekday
2017-02-15,3530,0.1,8.5,2017,2,15,2,weekday
2017-02-16,3542,0.1,8.2,2017,2,16,3,weekday
2017-02-17,3461,0.1,9.7,2017,2,17,4,weekday
2017-02-18,3135,0.0,9.6,2017,2,18,5,weekend
2017-02-19,2989,0.0,10.1,2017,2,19,6,weekend
2017-02-20,3392,0.0,10.6,2017,2,20,0,weekday
2017-02-21,3442,0.2,10.2,2017,2,21,1,weekday
2017-02-22,3475,0.3,9.2,2017,2,22,2,weekday
2017-02-23,3496,0.3,6.4,2017,2,23,3,weekday
2017-02-24,3481,0.0,6.1,2017,2,24,4,weekday
2017-02-25,3170,0.2,9.1,2017,2,25,5,weekend
2017-02-26,3038,0.4,7.1,2017,2,26,6,weekend
2017-02-27,3442,0.1,2.9,2017,2,27,0,weekday
2017-02-28,3592,0.2,5.0,2017,2,28,1,weekday
2017-03-01,3566,0.2,5.0,2017,3,1,2,weekday
2017-03-02,3591,0.2,5.4,2017,3,2,3,weekday
2017-03-03,3546,0.7,5.9,2017,3,3,4,weekday
2017-03-04,3223,0.3,5.6,2017,3,4,5,weekend
2017-03-05,3078,0.2,5.2,2017,3,5,6,weekend
2017-03-06,3488,0.2,4.4,2017,3,6,0,weekday
2017-03-07,3564,0.3,6.6,2017,3,7,1,weekday
2017-03-08,3472,0.0,9.3,2017,3,8,2,weekday
2017-03-09,3411,0.0,9.1,2017,3,9,3,weekday
2017-03-10,3343,0.0,10.2,2017,3,10,4,weekday
2017-03-11,3083,0.1,10.3,2017,3,11,5,weekend
2017-03-12,2936,0.1,8.4,2017,3,12,6,weekend
2017-03-13,3305,0.0,10.4,2017,3,13,0,weekday
2017-03-14,3344,0.0,10.7,2017,3,14,1,weekday
2017-03-15,3315,0.0,9.8,2017,3,15,2,weekday
2017-03-16,3325,0.1,8.2,2017,3,16,3,weekday
2017-03-17,3086,0.3,8.4,2017,3,17,4,weekday
2017-03-18,3014,0.2,11.0,2017,3,18,5,weekend
2017-03-19,2916,0.2,10.6,2017,3,19,6,weekend
2017-03-20,3275,0.2,6.9,2017,3,20,0,weekday
2017-03-21,3436,0.2,3.3,2017,3,21,1,weekday
2017-03-22,3515,0.3,4.4,2017,3,22,2,weekday
2017-03-23,3504,0.0,6.3,2017,3,23,3,weekday
2017-03-24,3388,0.0,6.6,2017,3,24,4,weekday
2017-03-25,3084,0.0,7.6,2017,3,25,5,weekend
2017-03-26,2874,0.0,9.1,2017,3,26,6,weekend
2017-03-27,3250,0.0,9.6,2017,3,27,0,weekday
2017-03-28,3341,0.1,9.2,2017,3,28,1,weekday
2017-03-29,3342,0.1,11.5,2017,3,29,2,weekday
2017-03-30,3310,0.2,11.8,2017,3,30,3,weekday
2017-03-31,3211,0.3,10.5,2017,3,31,4,weekday
2017-04-01,2962,0.1,8.7,2017,4,1,5,weekend
2017-04-02,2817,0.0,8.6,2017,4,2,6,weekend
2017-04-03,3256,0.2,10.2,2017,4,3,0,weekday
2017-04-04,3307,0.0,8.9,2017,4,4,1,weekday
2017-04-05,3304,0.0,8.9,2017,4,5,2,weekday
2017-04-06,3314,0.0,8.7,2017,4,6,3,weekday
2017-04-07,3239,0.0,8.5,2017,4,7,4,weekday
2017-04-08,2937,0.0,9.5,2017,4,8,5,weekend
2017-04-09,2840,0.0,9.3,2017,4,9,6,weekend
2017-04-10,3229,0.0,8.0,2017,4,10,0,weekday
2017-04-11,3308,0.0,8.7,2017,4,11,1,weekday
2017-04-12,3266,0.0,9.8,2017,4,12,2,weekday
2017-04-13,3271,0.0,9.0,2017,4,13,3,weekday
2017-04-14,3149,0.1,9.4,2017,4,14,4,weekday
2017-04-15,2952,0.0,8.2,2017,4,15,5,weekend
2017-04-16,2778,0.0,9.4,2017,4,16,6,weekend
2017-04-17,2810,0.0,9.0,2017,4,17,0,weekday
2017-04-18,3149,0.0,8.7,2017,4,18,1,weekday
2017-04-19,3198,0.0,10.9,2017,4,19,2,weekday
2017-04-20,3195,0.0,11.1,2017,4,20,3,weekday
2017-04-21,3160,0.0,10.7,2017,4,21,4,weekday
2017-04-22,2901,0.0,10.4,2017,4,22,5,weekend
2017-04-23,2795,0.0,10.2,2017,4,23,6,weekend
2017-04-24,3157,0.0,8.1,2017,4,24,0,weekday
2017-04-25,3234,0.1,5.3,2017,4,25,1,weekday
2017-04-26,3257,0.0,5.8,2017,4,26,2,weekday
2017-04-27,3272,0.0,7.9,2017,4,27,3,weekday
2017-04-28,3194,0.0,8.8,2017,4,28,4,weekday
2017-04-29,2929,0.1,9.6,2017,4,29,5,weekend
2017-04-30,2801,0.1,10.3,2017,4,30,6,weekend
2017-05-01,2787,0.0,11.0,2017,5,1,0,weekday
2017-05-02,3088,0.0,11.4,2017,5,2,1,weekday
2017-05-03,3087,0.0,11.2,2017,5,3,2,weekday
2017-05-04,3099,0.0,11.4,2017,5,4,3,weekday
2017-05-05,3083,0.0,11.0,2017,5,5,4,weekday
2017-05-06,2843,0.0,10.5,2017,5,6,5,weekend
2017-05-07,2695,0.0,11.9,2017,5,7,6,weekend
2017-05-08,2990,0.0,11.4,2017,5,8,0,weekday
2017-05-09,3044,0.0,10.1,2017,5,9,1,weekday
2017-05-10,3071,0.0,10.2,2017,5,10,2,weekday
2017-05-11,3076,0.0,11.2,2017,5,11,3,weekday
2017-05-12,3097,0.2,12.1,2017,5,12,4,weekday
2017-05-13,2769,0.3,11.3,2017,5,13,5,weekend
2017-05-14,2622,0.1,11.0,2017,5,14,6,weekend
2017-05-15,3051,0.6,13.9,2017,5,15,0,weekday
2017-05-16,3012,0.1,13.6,2017,5,16,1,weekday
2017-05-17,3002,0.1,10.9,2017,5,17,2,weekday
2017-05-18,3045,0.1,9.6,2017,5,18,3,weekday
2017-05-19,3040,0.1,9.7,2017,5,19,4,weekday
2017-05-20,2768,0.1,10.7,2017,5,20,5,weekend
2017-05-21,2655,0.1,12.6,2017,5,21,6,weekend
2017-05-22,2991,0.0,13.3,2017,5,22,0,weekday
2017-05-23,3095,0.0,14.2,2017,5,23,1,weekday
2017-05-24,3101,0.0,15.1,2017,5,24,2,weekday
2017-05-25,3076,0.0,16.8,2017,5,25,3,weekday
2017-05-26,3067,0.1,17.5,2017,5,26,4,weekday
2017-05-27,2804,0.6,13.6,2017,5,27,5,weekend
2017-05-28,2642,0.0,12.9,2017,5,28,6,weekend
2017-05-29,3035,0.0,13.2,2017,5,29,0,weekday
2017-05-30,3030,0.0,13.6,2017,5,30,1,weekday
2017-05-31,3046,0.0,13.5,2017,5,31,2,weekday
2017-06-01,3073,0.2,13.4,2017,6,1,3,weekday
2017-06-02,2987,0.0,12.8,2017,6,2,4,weekday
2017-06-03,2706,0.1,11.9,2017,6,3,5,weekend
2017-06-04,2597,0.3,11.3,2017,6,4,6,weekend
2017-06-05,2672,0.4,11.5,2017,6,5,0,weekday
2017-06-06,3002,0.1,11.6,2017,6,6,1,weekday
2017-06-07,3075,0.2,11.9,2017,6,7,2,weekday
2017-06-08,3094,0.6,13.4,2017,6,8,3,weekday
2017-06-09,3024,0.3,13.0,2017,6,9,4,weekday
2017-06-10,2814,0.3,15.1,2017,6,10,5,weekend
2017-06-11,2682,0.2,13.3,2017,6,11,6,weekend
2017-06-12,3016,0.0,13.1,2017,6,12,0,weekday
2017-06-13,3048,0.0,14.4,2017,6,13,1,weekday
2017-06-14,3034,0.1,14.5,2017,6,14,2,weekday
2017-06-15,3049,0.1,13.6,2017,6,15,3,weekday
2017-06-16,3039,0.0,15.4,2017,6,16,4,weekday
2017-06-17,2764,0.0,16.5,2017,6,17,5,weekend
2017-06-18,2623,0.0,16.5,2017,6,18,6,weekend
2017-06-19,3027,0.0,17.0,2017,6,19,0,weekday
2017-06-20,3052,0.0,16.9,2017,6,20,1,weekday
2017-06-21,3126,0.0,17.7,2017,6,21,2,weekday
2017-06-22,3050,0.1,14.1,2017,6,22,3,weekday
2017-06-23,3227,0.1,14.5,2017,6,23,4,weekday
2017-06-24,2741,0.0,13.8,2017,6,24,5,weekend
2017-06-25,2589,0.0,13.2,2017,6,25,6,weekend
2017-06-26,2994,0.4,12.0,2017,6,26,0,weekday
2017-06-27,3068,0.3,15.3,2017,6,27,1,weekday
2017-06-28,3078,0.1,13.7,2017,6,28,2,weekday
2017-06-29,3052,0.1,12.5,2017,6,29,3,weekday
2017-06-30,3022,0.0,12.7,2017,6,30,4,weekday
2017-07-01,2734,0.0,13.0,2017,7,1,5,weekend
2017-07-02,2593,0.0,13.4,2017,7,2,6,weekend
2017-07-03,2997,0.2,14.2,2017,7,3,0,weekday
2017-07-04,3045,0.2,15.3,2017,7,4,1,weekday
2017-07-05,3066,0.0,15.2,2017,7,5,2,weekday
2017-07-06,3084,0.0,16.0,2017,7,6,3,weekday
2017-07-07,3049,0.0,14.9,2017,7,7,4,weekday
2017-07-08,2780,0.0,15.0,2017,7,8,5,weekend
2017-07-09,2612,0.1,14.5,2017,7,9,6,weekend
2017-07-10,2972,0.1,13.7,2017,7,10,0,weekday
2017-07-11,3031,0.1,13.6,2017,7,11,1,weekday
2017-07-12,3029,0.0,14.3,2017,7,12,2,weekday
2017-07-13,3022,0.0,14.4,2017,7,13,3,weekday
2017-07-14,2981,0.1,14.8,2017,7,14,4,weekday
2017-07-15,2794,0.1,16.9,2017,7,15,5,weekend
2017-07-16,2612,0.0,15.5,2017,7,16,6,weekend
2017-07-17,2973,0.0,16.0,2017,7,17,0,weekday
2017-07-18,3016,0.0,18.0,2017,7,18,1,weekday
2017-07-19,3048,0.5,15.8,2017,7,19,2,weekday
2017-07-20,2982,0.3,12.2,2017,7,20,3,weekday
2017-07-21,2956,0.7,12.6,2017,7,21,4,weekday
2017-07-22,2711,0.0,14.7,2017,7,22,5,weekend
2017-07-23,2601,0.0,16.1,2017,7,23,6,weekend
2017-07-24,2952,0.0,16.1,2017,7,24,0,weekday
2017-07-25,3008,0.1,16.2,2017,7,25,1,weekday
2017-07-26,3002,0.5,15.1,2017,7,26,2,weekday
2017-07-27,2970,0.1,13.4,2017,7,27,3,weekday
2017-07-28,2911,0.1,14.3,2017,7,28,4,weekday
2017-07-29,2667,0.1,14.1,2017,7,29,5,weekend
2017-07-30,2549,0.2,13.4,2017,7,30,6,weekend
2017-07-31,2865,0.2,13.8,2017,7,31,0,weekday
2017-08-01,2953,0.1,14.2,2017,8,1,1,weekday
2017-08-02,2980,0.2,15.0,2017,8,2,2,weekday
2017-08-03,2965,0.1,15.1,2017,8,3,3,weekday
2017-08-04,2933,0.1,14.0,2017,8,4,4,weekday
2017-08-05,2674,0.1,13.2,2017,8,5,5,weekend
2017-08-06,2538,0.2,13.2,2017,8,6,6,weekend
2017-08-07,2574,0.1,13.6,2017,8,7,0,weekday
2017-08-08,2898,0.1,12.9,2017,8,8,1,weekday
2017-08-09,2937,0.0,14.2,2017,8,9,2,weekday
2017-08-10,2977,0.0,13.4,2017,8,10,3,weekday
2017-08-11,3004,0.1,15.4,2017,8,11,4,weekday
2017-08-12,2735,0.0,14.3,2017,8,12,5,weekend
2017-08-13,2618,0.2,13.1,2017,8,13,6,weekend
2017-08-14,3013,0.6,15.0,2017,8,14,0,weekday
2017-08-15,3040,0.0,14.0,2017,8,15,1,weekday
2017-08-16,3091,0.2,15.2,2017,8,16,2,weekday
2017-08-17,3049,0.2,14.8,2017,8,17,3,weekday
2017-08-18,3004,0.2,12.9,2017,8,18,4,weekday
2017-08-19,2757,0.0,13.5,2017,8,19,5,weekend
2017-08-20,2682,0.3,13.5,2017,8,20,6,weekend
2017-08-21,3084,0.5,16.7,2017,8,21,0,weekday
2017-08-22,3154,0.4,16.4,2017,8,22,1,weekday
2017-08-23,3087,0.1,14.7,2017,8,23,2,weekday
2017-08-24,3108,0.1,14.4,2017,8,24,3,weekday
2017-08-25,3081,0.1,14.9,2017,8,25,4,weekday
2017-08-26,2838,0.0,14.8,2017,8,26,5,weekend
2017-08-27,2716,0.0,16.3,2017,8,27,6,weekend
2017-08-28,3091,0.1,15.6,2017,8,28,0,weekday
2017-08-29,3089,0.0,12.6,2017,8,29,1,weekday
2017-08-30,3101,0.1,12.7,2017,8,30,2,weekday
2017-08-31,3070,0.1,12.4,2017,8,31,3,weekday
2017-09-01,3029,0.0,12.3,2017,9,1,4,weekday
2017-09-02,2841,0.4,12.7,2017,9,2,5,weekend
2017-09-03,2754,0.4,16.6,2017,9,3,6,weekend
2017-09-04,3079,0.1,15.9,2017,9,4,0,weekday
2017-09-05,3098,0.2,14.0,2017,9,5,1,weekday
2017-09-06,3109,0.0,13.8,2017,9,6,2,weekday
2017-09-07,3155,0.1,14.1,2017,9,7,3,weekday
2017-09-08,3085,0.3,13.0,2017,9,8,4,weekday
2017-09-09,2868,0.1,13.1,2017,9,9,5,weekend
2017-09-10,2770,0.3,12.5,2017,9,10,6,weekend
2017-09-11,3091,0.2,12.7,2017,9,11,0,weekday
2017-09-12,3175,0.3,11.0,2017,9,12,1,weekday
2017-09-13,3133,0.2,10.4,2017,9,13,2,weekday
2017-09-14,3176,0.1,11.6,2017,9,14,3,weekday
2017-09-15,3126,0.0,11.6,2017,9,15,4,weekday
2017-09-16,2922,0.1,10.2,2017,9,16,5,weekend
2017-09-17,2779,0.0,10.3,2017,9,17,6,weekend
2017-09-18,3114,0.0,10.5,2017,9,18,0,weekday
2017-09-19,3155,0.0,13.1,2017,9,19,1,weekday
2017-09-20,3231,0.5,13.1,2017,9,20,2,weekday
2017-09-21,3168,0.1,11.0,2017,9,21,3,weekday
2017-09-22,3157,0.3,12.6,2017,9,22,4,weekday
2017-09-23,2999,0.1,14.3,2017,9,23,5,weekend
2017-09-24,2794,0.0,13.5,2017,9,24,6,weekend
2017-09-25,3124,0.0,11.8,2017,9,25,0,weekday
2017-09-26,3203,0.0,13.7,2017,9,26,1,weekday
2017-09-27,3283,0.9,13.2,2017,9,27,2,weekday
2017-09-28,3234,0.1,12.4,2017,9,28,3,weekday
2017-09-29,3162,0.1,11.8,2017,9,29,4,weekday
2017-09-30,2920,0.1,10.7,2017,9,30,5,weekend
2017-10-01,2814,0.1,13.3,2017,10,1,6,weekend
2017-10-02,3146,0.1,11.7,2017,10,2,0,weekday
2017-10-03,3218,0.0,10.6,2017,10,3,1,weekday
2017-10-04,3266,0.4,12.2,2017,10,4,2,weekday
2017-10-05,3226,0.0,11.4,2017,10,5,3,weekday
2017-10-06,3225,0.1,10.1,2017,10,6,4,weekday
2017-10-07,2984,0.0,12.6,2017,10,7,5,weekend
2017-10-08,2866,0.0,11.9,2017,10,8,6,weekend
2017-10-09,3232,0.1,12.4,2017,10,9,0,weekday
2017-10-10,3274,0.1,12.8,2017,10,10,1,weekday
2017-10-11,3244,0.3,12.3,2017,10,11,2,weekday
2017-10-12,3278,0.1,12.4,2017,10,12,3,weekday
2017-10-13,3297,0.3,15.2,2017,10,13,4,weekday
2017-10-14,2999,0.1,14.4,2017,10,14,5,weekend
2017-10-15,2883,0.1,13.5,2017,10,15,6,weekend
2017-10-16,2728,0.4,12.5,2017,10,16,0,weekday
2017-10-17,3041,0.0,10.2,2017,10,17,1,weekday
2017-10-18,3251,0.0,9.4,2017,10,18,2,weekday
2017-10-19,3331,0.9,11.8,2017,10,19,3,weekday
2017-10-20,3354,0.3,9.5,2017,10,20,4,weekday
2017-10-21,3167,0.3,10.9,2017,10,21,5,weekend
2017-10-22,2978,0.1,10.4,2017,10,22,6,weekend
2017-10-23,3295,0.1,12.7,2017,10,23,0,weekday
2017-10-24,3376,0.3,12.4,2017,10,24,1,weekday
2017-10-25,3354,0.0,11.2,2017,10,25,2,weekday
2017-10-26,3388,0.0,11.1,2017,10,26,3,weekday
2017-10-27,3339,0.0,8.6,2017,10,27,4,weekday
2017-10-28,3117,0.0,12.4,2017,10,28,5,weekend
2017-10-29,2892,0.0,11.0,2017,10,29,6,weekend
2017-10-30,2959,0.0,8.8,2017,10,30,0,weekday
2017-10-31,3280,0.0,12.1,2017,10,31,1,weekday
2017-11-01,3379,0.0,11.1,2017,11,1,2,weekday
2017-11-02,3404,0.0,9.7,2017,11,2,3,weekday
2017-11-03,3349,0.0,9.3,2017,11,3,4,weekday
2017-11-04,3071,0.1,6.9,2017,11,4,5,weekend
2017-11-05,2995,0.1,6.7,2017,11,5,6,weekend
2017-11-06,3389,0.2,10.0,2017,11,6,0,weekday
2017-11-07,3455,0.2,6.4,2017,11,7,1,weekday
2017-11-08,3558,0.1,7.2,2017,11,8,2,weekday
2017-11-09,3470,0.1,10.8,2017,11,9,3,weekday
2017-11-10,3443,0.3,9.4,2017,11,10,4,weekday
2017-11-11,3248,0.3,9.1,2017,11,11,5,weekend
2017-11-12,3038,0.0,6.1,2017,11,12,6,weekend
2017-11-13,3527,0.1,6.2,2017,11,13,0,weekday
2017-11-14,3528,0.1,10.4,2017,11,14,1,weekday
2017-11-15,3519,0.0,8.9,2017,11,15,2,weekday
2017-11-16,3513,0.1,7.5,2017,11,16,3,weekday
2017-11-17,3575,0.0,5.6,2017,11,17,4,weekday
2017-11-18,3275,0.1,7.7,2017,11,18,5,weekend
2017-11-19,3103,0.1,7.8,2017,11,19,6,weekend
2017-11-20,3432,0.2,12.2,2017,11,20,0,weekday
2017-11-21,3454,0.1,12.2,2017,11,21,1,weekday
2017-11-22,3558,0.9,7.8,2017,11,22,2,weekday
2017-11-23,3549,0.1,5.0,2017,11,23,3,weekday
2017-11-24,3617,0.1,2.3,2017,11,24,4,weekday
2017-11-25,3340,0.1,3.3,2017,11,25,5,weekend
2017-11-26,3202,0.2,6.4,2017,11,26,6,weekend
2017-11-27,3564,0.1,6.9,2017,11,27,0,weekday
2017-11-28,3581,0.1,4.2,2017,11,28,1,weekday
2017-11-29,3700,0.0,3.1,2017,11,29,2,weekday
2017-11-30,3718,0.0,4.2,2017,11,30,3,weekday
2017-12-01,3744,0.0,3.5,2017,12,1,4,weekday
2017-12-02,3394,0.0,6.6,2017,12,2,5,weekend
2017-12-03,3185,0.0,7.8,2017,12,3,6,weekend
2017-12-04,3633,0.0,7.0,2017,12,4,0,weekday
2017-12-05,3650,0.0,7.9,2017,12,5,1,weekday
2017-12-06,3631,0.3,11.1,2017,12,6,2,weekday
2017-12-07,3643,0.3,6.1,2017,12,7,3,weekday
2017-12-08,3706,0.1,2.6,2017,12,8,4,weekday
2017-12-09,3499,0.1,2.1,2017,12,9,5,weekend
2017-12-10,3344,0.6,1.8,2017,12,10,6,weekend
2017-12-11,3797,0.1,1.9,2017,12,11,0,weekday
2017-12-12,3871,0.1,4.2,2017,12,12,1,weekday
2017-12-13,3819,0.4,5.0,2017,12,13,2,weekday
2017-12-14,3871,0.3,4.5,2017,12,14,3,weekday
2017-12-15,3762,0.0,5.0,2017,12,15,4,weekday
2017-12-16,3492,0.0,5.0,2017,12,16,5,weekend
2017-12-17,3300,0.1,8.4,2017,12,17,6,weekend
2017-12-18,3703,0.0,5.8,2017,12,18,0,weekday
2017-12-19,3660,0.0,10.5,2017,12,19,1,weekday
2017-12-20,3615,0.1,10.4,2017,12,20,2,weekday
2017-12-21,3557,0.2,10.7,2017,12,21,3,weekday
2017-12-22,3409,0.0,10.0,2017,12,22,4,weekday
2017-12-23,3176,0.0,10.1,2017,12,23,5,weekend
2017-12-24,3062,0.3,10.8,2017,12,24,6,weekend
2017-12-25,2909,0.5,5.8,2017,12,25,0,weekday
2017-12-26,2886,0.2,2.9,2017,12,26,1,weekday
2017-12-27,3139,0.1,2.5,2017,12,27,2,weekday
2017-12-28,3358,0.1,1.3,2017,12,28,3,weekday
2017-12-29,3353,0.6,5.3,2017,12,29,4,weekday
2017-12-30,3198,0.3,7.2,2017,12,30,5,weekend
2017-12-31,3069,0.2,6.7,2017,12,31,6,weekend
2018-01-01,3027,0.1,6.1,2018,1,1,0,weekday
2018-01-02,3446,0.5,7.4,2018,1,2,1,weekday
2018-01-03,3617,0.2,7.3,2018,1,3,2,weekday
2018-01-04,3626,0.4,6.0,2018,1,4,3,weekday
2018-01-05,3637,0.1,4.0,2018,1,5,4,weekday
2018-01-06,3380,0.0,3.7,2018,1,6,5,weekend
2018-01-07,3301,0.0,1.0,2018,1,7,6,weekend
2018-01-08,3757,0.0,1.5,2018,1,8,0,weekday
2018-01-09,3794,0.2,6.2,2018,1,9,1,weekday
2018-01-10,3776,0.2,4.2,2018,1,10,2,weekday
2018-01-11,3779,0.0,2.9,2018,1,11,3,weekday
2018-01-12,3743,0.3,6.7,2018,1,12,4,weekday
2018-01-13,3388,0.2,7.8,2018,1,13,5,weekend
2018-01-14,3254,0.2,6.7,2018,1,14,6,weekend
2018-01-15,3609,0.3,7.2,2018,1,15,0,weekday
2018-01-16,3820,0.4,2.7,2018,1,16,1,weekday
2018-01-17,3825,0.4,4.8,2018,1,17,2,weekday
2018-01-18,3729,0.2,4.0,2018,1,18,3,weekday
2018-01-19,3712,0.2,2.9,2018,1,19,4,weekday
2018-01-20,3459,0.2,4.1,2018,1,20,5,weekend
2018-01-21,3303,0.7,8.1,2018,1,21,6,weekend
2018-01-22,3593,0.0,8.1,2018,1,22,0,weekday
2018-01-23,3578,0.3,10.1,2018,1,23,1,weekday
2018-01-24,3652,0.5,7.2,2018,1,24,2,weekday
2018-01-25,3705,0.1,5.8,2018,1,25,3,weekday
2018-01-26,3650,0.1,5.6,2018,1,26,4,weekday
2018-01-27,3331,0.3,9.9,2018,1,27,5,weekend
2018-01-28,3189,0.1,10.9,2018,1,28,6,weekend
2018-01-29,3549,0.2,7.1,2018,1,29,0,weekday
2018-01-30,3685,0.1,5.7,2018,1,30,1,weekday
2018-01-31,3731,0.3,4.5,2018,1,31,2,weekday
2018-02-01,3745,0.1,4.7,2018,2,1,3,weekday
2018-02-02,3701,0.1,4.6,2018,2,2,4,weekday
2018-02-03,3417,0.1,4.5,2018,2,3,5,weekend
2018-02-04,3269,0.0,4.0,2018,2,4,6,weekend
2018-02-05,3711,0.1,2.4,2018,2,5,0,weekday
2018-02-06,3770,0.1,1.9,2018,2,6,1,weekday
2018-02-07,3817,0.1,3.4,2018,2,7,2,weekday
2018-02-08,3709,0.2,6.5,2018,2,8,3,weekday
2018-02-09,3704,0.1,2.9,2018,2,9,4,weekday
2018-02-10,3409,0.6,7.5,2018,2,10,5,weekend
2018-02-11,3294,0.2,1.8,2018,2,11,6,weekend
2018-02-12,3727,0.3,3.0,2018,2,12,0,weekday
2018-02-13,3760,0.1,3.3,2018,2,13,1,weekday
2018-02-14,3745,0.2,6.4,2018,2,14,2,weekday
2018-02-15,3747,0.1,3.4,2018,2,15,3,weekday
2018-02-16,3707,0.2,4.7,2018,2,16,4,weekday
2018-02-17,3376,0.0,5.1,2018,2,17,5,weekend
2018-02-18,3216,0.2,7.8,2018,2,18,6,weekend
2018-02-19,3538,0.0,9.1,2018,2,19,0,weekday
2018-02-20,3622,0.0,5.4,2018,2,20,1,weekday
2018-02-21,3678,0.0,3.6,2018,2,21,2,weekday
2018-02-22,3665,0.0,5.7,2018,2,22,3,weekday
2018-02-23,3691,0.0,4.7,2018,2,23,4,weekday
2018-02-24,3437,0.0,3.7,2018,2,24,5,weekend
2018-02-25,3296,0.0,3.1,2018,2,25,6,weekend
2018-02-26,3804,0.0,1.8,2018,2,26,0,weekday
2018-02-27,3888,0.0,0.8,2018,2,27,1,weekday
2018-02-28,3887,0.1,-2.1,2018,2,28,2,weekday
2018-03-01,3656,0.1,-2.4,2018,3,1,3,weekday
2018-03-02,3407,0.5,0.2,2018,3,2,4,weekday
2018-03-03,3420,0.3,1.4,2018,3,3,5,weekend
2018-03-04,3407,0.1,2.6,2018,3,4,6,weekend
2018-03-05,3812,0.1,3.7,2018,3,5,0,weekday
2018-03-06,3789,0.1,4.2,2018,3,6,1,weekday
2018-03-07,3723,0.1,4.3,2018,3,7,2,weekday
2018-03-08,3728,0.0,4.2,2018,3,8,3,weekday
2018-03-09,3752,0.1,3.5,2018,3,9,4,weekday
2018-03-10,3406,0.3,7.7,2018,3,10,5,weekend
2018-03-11,3208,0.1,7.5,2018,3,11,6,weekend
2018-03-12,3598,0.0,6.7,2018,3,12,0,weekday
2018-03-13,3677,0.0,6.2,2018,3,13,1,weekday
2018-03-14,3802,0.5,9.0,2018,3,14,2,weekday
2018-03-15,3673,0.1,8.6,2018,3,15,3,weekday
2018-03-16,3604,0.1,7.3,2018,3,16,4,weekday
2018-03-17,3332,0.0,3.4,2018,3,17,5,weekend
2018-03-18,3394,0.1,0.2,2018,3,18,6,weekend
2018-03-19,3416,0.0,2.5,2018,3,19,0,weekday
2018-03-20,3676,0.0,2.6,2018,3,20,1,weekday
2018-03-21,3707,0.0,6.0,2018,3,21,2,weekday
2018-03-22,3680,0.3,7.5,2018,3,22,3,weekday
2018-03-23,3569,0.2,6.8,2018,3,23,4,weekday
2018-03-24,3234,0.0,5.9,2018,3,24,5,weekend
2018-03-25,3097,0.0,5.5,2018,3,25,6,weekend
2018-03-26,3514,0.2,6.6,2018,3,26,0,weekday
2018-03-27,3548,0.1,7.5,2018,3,27,1,weekday
2018-03-28,3527,0.1,4.9,2018,3,28,2,weekday
2018-03-29,3593,0.2,4.2,2018,3,29,3,weekday
2018-03-30,3466,0.1,4.7,2018,3,30,4,weekday
2018-03-31,3238,0.0,5.1,2018,3,31,5,weekend
2018-04-01,3092,0.2,3.9,2018,4,1,6,weekend
2018-04-02,3212,0.3,5.1,2018,4,2,0,weekday
2018-04-03,3458,0.3,7.0,2018,4,3,1,weekday
2018-04-04,3574,0.1,5.1,2018,4,4,2,weekday
2018-04-05,3619,0.1,4.9,2018,4,5,3,weekday
2018-04-06,3562,0.5,8.9,2018,4,6,4,weekday
2018-04-07,3213,0.1,8.9,2018,4,7,5,weekend
2018-04-08,3038,0.2,8.7,2018,4,8,6,weekend
2018-04-09,3403,0.1,8.4,2018,4,9,0,weekday
2018-04-10,3526,0.1,8.4,2018,4,10,1,weekday
2018-04-11,3531,0.0,8.2,2018,4,11,2,weekday
2018-04-12,3516,0.0,8.1,2018,4,12,3,weekday
2018-04-13,3431,0.0,8.6,2018,4,13,4,weekday
2018-04-14,3179,0.0,10.1,2018,4,14,5,weekend
2018-04-15,3101,0.2,10.3,2018,4,15,6,weekend
2018-04-16,3484,0.5,9.6,2018,4,16,0,weekday
2018-04-17,3467,0.3,12.1,2018,4,17,1,weekday
2018-04-18,3400,0.1,12.6,2018,4,18,2,weekday
2018-04-19,3321,0.0,12.3,2018,4,19,3,weekday
2018-04-20,3231,0.0,10.4,2018,4,20,4,weekday
2018-04-21,2939,0.1,10.3,2018,4,21,5,weekend
2018-04-22,2848,0.1,9.9,2018,4,22,6,weekend
2018-04-23,3223,0.1,10.0,2018,4,23,0,weekday
2018-04-24,3363,0.3,9.1,2018,4,24,1,weekday
2018-04-25,3347,0.1,8.3,2018,4,25,2,weekday
2018-04-26,3368,0.1,8.0,2018,4,26,3,weekday
2018-04-27,3346,0.1,7.2,2018,4,27,4,weekday
2018-04-28,3089,0.0,7.1,2018,4,28,5,weekend
2018-04-29,2926,0.0,6.9,2018,4,29,6,weekend
2018-04-30,3258,0.0,7.2,2018,4,30,0,weekday
2018-05-01,3345,0.3,8.4,2018,5,1,1,weekday
2018-05-02,3320,0.1,8.5,2018,5,2,2,weekday
2018-05-03,3362,0.1,9.7,2018,5,3,3,weekday
2018-05-04,3266,0.0,11.9,2018,5,4,4,weekday
2018-05-05,2965,0.0,12.7,2018,5,5,5,weekend
2018-05-06,2776,0.0,12.4,2018,5,6,6,weekend
2018-05-07,2815,0.0,12.6,2018,5,7,0,weekday
2018-05-08,3111,0.1,11.7,2018,5,8,1,weekday
2018-05-09,3229,0.2,9.2,2018,5,9,2,weekday
2018-05-10,3182,0.0,9.3,2018,5,10,3,weekday
2018-05-11,3236,0.4,9.0,2018,5,11,4,weekday
2018-05-12,2950,0.0,8.7,2018,5,12,5,weekend
2018-05-13,2811,0.0,9.9,2018,5,13,6,weekend
2018-05-14,3178,0.0,12.2,2018,5,14,0,weekday
2018-05-15,3192,0.0,11.6,2018,5,15,1,weekday
2018-05-16,3124,0.0,9.8,2018,5,16,2,weekday
2018-05-17,3134,0.0,10.6,2018,5,17,3,weekday
2018-05-18,3112,0.0,12.2,2018,5,18,4,weekday
2018-05-19,2873,0.0,13.1,2018,5,19,5,weekend
2018-05-20,2794,0.3,13.0,2018,5,20,6,weekend
2018-05-21,3149,0.4,11.0,2018,5,21,0,weekday
2018-05-22,3172,0.0,10.7,2018,5,22,1,weekday
2018-05-23,3164,0.0,13.3,2018,5,23,2,weekday
2018-05-24,3194,0.0,13.1,2018,5,24,3,weekday
2018-05-25,3126,0.0,15.5,2018,5,25,4,weekday
2018-05-26,2880,0.0,15.5,2018,5,26,5,weekend
2018-05-27,2771,0.1,15.6,2018,5,27,6,weekend
2018-05-28,3142,0.0,16.5,2018,5,28,0,weekday
2018-05-29,3184,0.0,17.3,2018,5,29,1,weekday
2018-05-30,3179,0.0,16.3,2018,5,30,2,weekday
2018-05-31,3201,0.0,16.3,2018,5,31,3,weekday
2018-06-01,3153,0.1,16.1,2018,6,1,4,weekday
2018-06-02,2889,0.1,15.5,2018,6,2,5,weekend
2018-06-03,2711,0.0,15.9,2018,6,3,6,weekend
2018-06-04,2766,0.0,16.0,2018,6,4,0,weekday
2018-06-05,3107,0.0,15.8,2018,6,5,1,weekday
2018-06-06,3124,0.0,16.1,2018,6,6,2,weekday
2018-06-07,3146,0.0,17.1,2018,6,7,3,weekday
2018-06-08,3124,0.1,16.7,2018,6,8,4,weekday
2018-06-09,2846,0.0,15.8,2018,6,9,5,weekend
2018-06-10,2707,0.0,15.1,2018,6,10,6,weekend
2018-06-11,3051,0.0,14.8,2018,6,11,0,weekday
2018-06-12,3097,0.0,14.0,2018,6,12,1,weekday
2018-06-13,3134,0.2,13.5,2018,6,13,2,weekday
2018-06-14,3149,0.1,14.0,2018,6,14,3,weekday
2018-06-15,3076,0.1,12.2,2018,6,15,4,weekday
2018-06-16,2841,0.2,12.9,2018,6,16,5,weekend
2018-06-17,2731,0.1,13.4,2018,6,17,6,weekend
2018-06-18,3110,0.0,13.5,2018,6,18,0,weekday
2018-06-19,3163,0.3,13.8,2018,6,19,1,weekday
2018-06-20,3118,0.1,13.2,2018,6,20,2,weekday
2018-06-21,3114,0.0,12.2,2018,6,21,3,weekday
2018-06-22,3098,0.0,12.4,2018,6,22,4,weekday
2018-06-23,2849,0.0,13.9,2018,6,23,5,weekend
2018-06-24,2743,0.0,15.8,2018,6,24,6,weekend
2018-06-25,3141,0.0,17.4,2018,6,25,0,weekday
2018-06-26,3205,0.0,19.4,2018,6,26,1,weekday
2018-06-27,3222,0.0,20.6,2018,6,27,2,weekday
2018-06-28,3235,0.0,20.8,2018,6,28,3,weekday
2018-06-29,3171,0.0,20.4,2018,6,29,4,weekday
2018-06-30,2875,0.0,18.7,2018,6,30,5,weekend
2018-07-01,2716,0.0,16.7,2018,7,1,6,weekend
2018-07-02,3080,0.0,17.2,2018,7,2,0,weekday
2018-07-03,3135,0.0,18.4,2018,7,3,1,weekday
2018-07-04,3150,0.0,17.5,2018,7,4,2,weekday
2018-07-05,3152,0.0,16.2,2018,7,5,3,weekday
2018-07-06,3121,0.0,17.1,2018,7,6,4,weekday
2018-07-07,2866,0.0,18.2,2018,7,7,5,weekend
2018-07-08,2741,0.0,18.5,2018,7,8,6,weekend
2018-07-09,3097,0.0,17.1,2018,7,9,0,weekday
2018-07-10,3125,0.0,16.0,2018,7,10,1,weekday
2018-07-11,3160,0.0,16.4,2018,7,11,2,weekday
2018-07-12,3148,0.0,16.0,2018,7,12,3,weekday
2018-07-13,3124,0.0,16.4,2018,7,13,4,weekday
2018-07-14,2819,0.1,17.1,2018,7,14,5,weekend
2018-07-15,2725,0.3,16.7,2018,7,15,6,weekend
2018-07-16,3067,0.0,15.0,2018,7,16,0,weekday
2018-07-17,3109,0.0,15.0,2018,7,17,1,weekday
2018-07-18,3134,0.0,15.4,2018,7,18,2,weekday
2018-07-19,3104,0.0,15.1,2018,7,19,3,weekday
2018-07-20,3121,0.2,16.0,2018,7,20,4,weekday
2018-07-21,2866,0.0,15.9,2018,7,21,5,weekend
2018-07-22,2790,0.0,18.8,2018,7,22,6,weekend
2018-07-23,3125,0.1,17.8,2018,7,23,0,weekday
2018-07-24,3096,0.0,15.9,2018,7,24,1,weekday
2018-07-25,3094,0.0,17.2,2018,7,25,2,weekday
2018-07-26,3163,0.3,18.1,2018,7,26,3,weekday
2018-07-27,3113,0.3,15.9,2018,7,27,4,weekday
2018-07-28,2801,0.3,13.3,2018,7,28,5,weekend
2018-07-29,2687,0.2,14.0,2018,7,29,6,weekend
2018-07-30,2978,0.2,14.2,2018,7,30,0,weekday
2018-07-31,3063,0.1,14.2,2018,7,31,1,weekday
2018-08-01,3092,0.4,15.6,2018,8,1,2,weekday
2018-08-02,3141,0.1,17.9,2018,8,2,3,weekday
2018-08-03,3119,0.0,17.6,2018,8,3,4,weekday
2018-08-04,2836,0.0,16.1,2018,8,4,5,weekend
2018-08-05,2661,0.0,16.2,2018,8,5,6,weekend
2018-08-06,2740,0.0,16.1,2018,8,6,0,weekday
2018-08-07,2992,0.0,14.3,2018,8,7,1,weekday
2018-08-08,3021,0.1,13.6,2018,8,8,2,weekday
2018-08-09,3056,0.1,12.6,2018,8,9,3,weekday
2018-08-10,3048,0.1,13.1,2018,8,10,4,weekday
2018-08-11,2878,0.2,14.6,2018,8,11,5,weekend
2018-08-12,2786,0.1,16.3,2018,8,12,6,weekend
2018-08-13,3079,0.0,15.7,2018,8,13,0,weekday
2018-08-14,3141,0.1,16.6,2018,8,14,1,weekday
2018-08-15,3134,0.2,16.3,2018,8,15,2,weekday
2018-08-16,3082,0.1,13.7,2018,8,16,3,weekday
2018-08-17,3101,0.3,14.3,2018,8,17,4,weekday
2018-08-18,2907,0.4,17.3,2018,8,18,5,weekend
2018-08-19,2782,0.1,17.1,2018,8,19,6,weekend
2018-08-20,3163,0.0,16.8,2018,8,20,0,weekday
2018-08-21,3199,0.1,17.3,2018,8,21,1,weekday
2018-08-22,3188,0.2,15.3,2018,8,22,2,weekday
2018-08-23,3150,0.2,12.8,2018,8,23,3,weekday
2018-08-24,3086,0.1,11.6,2018,8,24,4,weekday
2018-08-25,2869,0.0,12.2,2018,8,25,5,weekend
2018-08-26,2767,0.6,13.7,2018,8,26,6,weekend
2018-08-27,3110,0.0,13.8,2018,8,27,0,weekday
2018-08-28,3182,0.1,13.1,2018,8,28,1,weekday
2018-08-29,3178,0.0,12.4,2018,8,29,2,weekday
2018-08-30,3208,0.0,12.5,2018,8,30,3,weekday
2018-08-31,3176,0.1,14.5,2018,8,31,4,weekday
2018-09-01,2950,0.0,16.2,2018,9,1,5,weekend
2018-09-02,2786,0.1,15.7,2018,9,2,6,weekend
2018-09-03,3061,0.0,12.2,2018,9,3,0,weekday
2018-09-04,3161,0.0,11.6,2018,9,4,1,weekday
2018-09-05,3197,0.1,13.3,2018,9,5,2,weekday
2018-09-06,3201,0.1,12.6,2018,9,6,3,weekday
2018-09-07,3178,0.0,12.1,2018,9,7,4,weekday
2018-09-08,2943,0.4,14.4,2018,9,8,5,weekend
2018-09-09,2808,0.0,13.8,2018,9,9,6,weekend
2018-09-10,3182,0.2,13.5,2018,9,10,0,weekday
2018-09-11,3231,0.1,13.0,2018,9,11,1,weekday
2018-09-12,3210,0.0,11.9,2018,9,12,2,weekday
2018-09-13,3185,0.1,12.3,2018,9,13,3,weekday
2018-09-14,3180,0.2,12.9,2018,9,14,4,weekday
2018-09-15,2985,0.1,13.7,2018,9,15,5,weekend
2018-09-16,2842,0.1,14.1,2018,9,16,6,weekend
2018-09-17,3173,0.3,14.8,2018,9,17,0,weekday
2018-09-18,3206,0.2,14.7,2018,9,18,1,weekday
2018-09-19,3198,0.3,12.3,2018,9,19,2,weekday
2018-09-20,3298,0.5,9.1,2018,9,20,3,weekday
2018-09-21,3262,0.1,10.1,2018,9,21,4,weekday
2018-09-22,3021,0.1,9.4,2018,9,22,5,weekend
2018-09-23,2888,0.0,8.8,2018,9,23,6,weekend
2018-09-24,3242,0.0,8.4,2018,9,24,0,weekday
2018-09-25,3386,0.1,11.6,2018,9,25,1,weekday
2018-09-26,3403,0.0,15.1,2018,9,26,2,weekday
2018-09-27,3323,0.0,11.9,2018,9,27,3,weekday
2018-09-28,3277,0.0,8.5,2018,9,28,4,weekday
2018-09-29,3028,0.0,8.8,2018,9,29,5,weekend
2018-09-30,2892,0.0,10.2,2018,9,30,6,weekend
2018-10-01,3275,0.1,10.5,2018,10,1,0,weekday
2018-10-02,3323,0.0,13.6,2018,10,2,1,weekday
2018-10-03,3351,0.0,13.1,2018,10,3,2,weekday
2018-10-04,3354,0.1,12.9,2018,10,4,3,weekday
2018-10-05,3309,0.1,9.2,2018,10,5,4,weekday
2018-10-06,3033,0.0,7.6,2018,10,6,5,weekend
2018-10-07,2984,0.1,10.6,2018,10,7,6,weekend
2018-10-08,3341,0.2,13.8,2018,10,8,0,weekday
2018-10-09,3390,0.2,14.4,2018,10,9,1,weekday
2018-10-10,3395,0.0,15.5,2018,10,10,2,weekday
2018-10-11,3339,0.2,12.9,2018,10,11,3,weekday
2018-10-12,3377,0.5,12.8,2018,10,12,4,weekday
2018-10-13,3090,0.7,10.9,2018,10,13,5,weekend
2018-10-14,2914,0.0,8.1,2018,10,14,6,weekend
2018-10-15,3273,0.0,8.6,2018,10,15,0,weekday
2018-10-16,3369,0.1,11.5,2018,10,16,1,weekday
2018-10-17,3366,0.0,9.4,2018,10,17,2,weekday
2018-10-18,3427,0.0,7.2,2018,10,18,3,weekday
2018-10-19,3361,0.0,11.2,2018,10,19,4,weekday
2018-10-20,3086,0.0,13.6,2018,10,20,5,weekend
2018-10-21,2967,0.1,11.6,2018,10,21,6,weekend
2018-10-22,3369,0.0,8.6,2018,10,22,0,weekday
2018-10-23,3445,0.0,10.5,2018,10,23,1,weekday
2018-10-24,3486,0.0,9.9,2018,10,24,2,weekday
2018-10-25,3465,0.0,10.0,2018,10,25,3,weekday
2018-10-26,3406,0.1,6.7,2018,10,26,4,weekday
2018-10-27,3218,0.1,4.3,2018,10,27,5,weekend
2018-10-28,3106,0.0,3.9,2018,10,28,6,weekend
2018-10-29,3141,0.1,4.8,2018,10,29,0,weekday
2018-10-30,3531,0.1,5.6,2018,10,30,1,weekday
2018-10-31,3556,0.1,6.0,2018,10,31,2,weekday
2018-11-01,3602,0.0,4.4,2018,11,1,3,weekday
2018-11-02,3645,0.2,5.9,2018,11,2,4,weekday
2018-11-03,3320,0.3,12.9,2018,11,3,5,weekend
2018-11-04,3104,0.1,9.5,2018,11,4,6,weekend
2018-11-05,3511,0.3,9.2,2018,11,5,0,weekday
2018-11-06,3567,0.3,10.1,2018,11,6,1,weekday
2018-11-07,3549,0.3,7.0,2018,11,7,2,weekday
2018-11-08,3581,0.1,7.9,2018,11,8,3,weekday
2018-11-09,3667,0.6,9.1,2018,11,9,4,weekday
2018-11-10,3304,0.1,7.4,2018,11,10,5,weekend
2018-11-11,3162,0.2,7.4,2018,11,11,6,weekend
2018-11-12,3535,0.1,9.1,2018,11,12,0,weekday
2018-11-13,3640,0.3,9.5,2018,11,13,1,weekday
2018-11-14,3666,0.3,13.1,2018,11,14,2,weekday
2018-11-15,3609,0.2,11.0,2018,11,15,3,weekday
2018-11-16,3550,0.0,10.8,2018,11,16,4,weekday
2018-11-17,3323,0.0,11.4,2018,11,17,5,weekend
2018-11-18,3155,0.0,8.6,2018,11,18,6,weekend
2018-11-19,3573,0.0,7.7,2018,11,19,0,weekday
2018-11-20,3661,0.2,6.0,2018,11,20,1,weekday
2018-11-21,3747,0.2,5.0,2018,11,21,2,weekday
2018-11-22,3733,0.1,5.9,2018,11,22,3,weekday
2018-11-23,3689,0.2,6.1,2018,11,23,4,weekday
2018-11-24,3373,0.1,7.5,2018,11,24,5,weekend
2018-11-25,3238,0.0,5.3,2018,11,25,6,weekend
2018-11-26,3647,0.0,5.7,2018,11,26,0,weekday
2018-11-27,3760,0.6,8.5,2018,11,27,1,weekday
2018-11-28,3798,0.4,11.2,2018,11,28,2,weekday
2018-11-29,3691,0.4,8.4,2018,11,29,3,weekday
2018-11-30,3687,0.1,6.6,2018,11,30,4,weekday
2018-12-01,3395,0.2,8.1,2018,12,1,5,weekend
2018-12-02,3233,0.3,10.0,2018,12,2,6,weekend
2018-12-03,3546,0.1,6.4,2018,12,3,0,weekday
2018-12-04,3803,0.3,3.3,2018,12,4,1,weekday
2018-12-05,3721,0.4,8.6,2018,12,5,2,weekday
2018-12-06,3682,0.2,11.0,2018,12,6,3,weekday
2018-12-07,3706,0.2,7.9,2018,12,7,4,weekday
2018-12-08,3441,0.3,8.7,2018,12,8,5,weekend
2018-12-09,3272,0.1,8.1,2018,12,9,6,weekend
2018-12-10,3701,0.0,7.2,2018,12,10,0,weekday
2018-12-11,3779,0.1,9.1,2018,12,11,1,weekday
2018-12-12,3741,0.1,7.0,2018,12,12,2,weekday
2018-12-13,3808,0.3,6.9,2018,12,13,3,weekday
2018-12-14,3774,0.1,7.3,2018,12,14,4,weekday
2018-12-15,3530,0.7,8.5,2018,12,15,5,weekend
2018-12-16,3368,0.1,5.6,2018,12,16,6,weekend
2018-12-17,3787,0.2,8.6,2018,12,17,0,weekday
2018-12-18,3768,0.4,8.7,2018,12,18,1,weekday
2018-12-19,3756,0.2,6.4,2018,12,19,2,weekday
2018-12-20,3722,0.1,7.3,2018,12,20,3,weekday
2018-12-21,3595,0.3,7.7,2018,12,21,4,weekday
2018-12-22,3325,0.2,7.7,2018,12,22,5,weekend
2018-12-23,3212,0.4,7.4,2018,12,23,6,weekend
2018-12-24,3215,0.1,7.7,2018,12,24,0,weekday
2018-12-25,2938,0.0,10.3,2018,12,25,1,weekday
2018-12-26,2839,0.0,9.9,2018,12,26,2,weekday
2018-12-27,3082,0.0,9.4,2018,12,27,3,weekday
2018-12-28,3166,0.0,10.1,2018,12,28,4,weekday
2018-12-29,3093,0.1,10.7,2018,12,29,5,weekend
2018-12-30,3005,0.0,10.2,2018,12,30,6,weekend
2018-12-31,3151,0.0,9.7,2018,12,31,0,weekday
2019-01-01,3014,0.0,8.5,2019,1,1,1,weekday
2019-01-02,3455,0.0,6.2,2019,1,2,2,weekday
2019-01-03,3585,0.0,6.9,2019,1,3,3,weekday
2019-01-04,3594,0.0,6.3,2019,1,4,4,weekday
2019-01-05,3338,0.0,6.7,2019,1,5,5,weekend
2019-01-06,3182,0.1,9.1,2019,1,6,6,weekend
2019-01-07,3578,0.1,9.7,2019,1,7,0,weekday
2019-01-08,3635,0.0,7.6,2019,1,8,1,weekday
2019-01-09,3653,0.0,8.0,2019,1,9,2,weekday
2019-01-10,3608,0.0,8.9,2019,1,10,3,weekday
2019-01-11,3566,0.0,8.5,2019,1,11,4,weekday
2019-01-12,3350,0.0,9.2,2019,1,12,5,weekend
2019-01-13,3231,0.0,9.3,2019,1,13,6,weekend
2019-01-14,3570,0.0,7.9,2019,1,14,0,weekday
2019-01-15,3607,0.0,8.6,2019,1,15,1,weekday
2019-01-16,3624,0.2,5.6,2019,1,16,2,weekday
2019-01-17,3760,0.0,3.1,2019,1,17,3,weekday
2019-01-18,3697,0.3,5.9,2019,1,18,4,weekday
2019-01-19,3402,0.1,6.0,2019,1,19,5,weekend
2019-01-20,3252,0.1,5.2,2019,1,20,6,weekend
2019-01-21,3780,0.2,3.3,2019,1,21,0,weekday
2019-01-22,3827,0.1,3.0,2019,1,22,1,weekday
2019-01-23,3861,0.1,4.6,2019,1,23,2,weekday
2019-01-24,3771,0.1,8.9,2019,1,24,3,weekday
2019-01-25,3619,0.0,9.5,2019,1,25,4,weekday
2019-01-26,3377,0.3,8.1,2019,1,26,5,weekend
2019-01-27,3349,0.1,4.0,2019,1,27,6,weekend
2019-01-28,3719,0.1,3.9,2019,1,28,0,weekday
2019-01-29,3790,0.3,2.6,2019,1,29,1,weekday
2019-01-30,3877,0.1,1.2,2019,1,30,2,weekday
2019-01-31,3921,0.3,1.9,2019,1,31,3,weekday
2019-02-01,3855,0.0,1.7,2019,2,1,4,weekday
2019-02-02,3559,0.0,1.4,2019,2,2,5,weekend
2019-02-03,3397,0.2,5.4,2019,2,3,6,weekend
2019-02-04,3686,0.0,6.6,2019,2,4,0,weekday
2019-02-05,3749,0.3,7.4,2019,2,5,1,weekday
2019-02-06,3706,0.3,6.4,2019,2,6,2,weekday
2019-02-07,3748,0.2,5.8,2019,2,7,3,weekday
2019-02-08,3788,0.4,8.2,2019,2,8,4,weekday
2019-02-09,3487,0.2,6.0,2019,2,9,5,weekend
2019-02-10,3353,0.1,4.8,2019,2,10,6,weekend
2019-02-11,3668,0.0,6.7,2019,2,11,0,weekday
2019-02-12,3703,0.1,10.1,2019,2,12,1,weekday
2019-02-13,3664,0.0,10.1,2019,2,13,2,weekday
2019-02-14,3610,0.0,9.4,2019,2,14,3,weekday
2019-02-15,3594,0.0,9.4,2019,2,15,4,weekday
2019-02-16,3326,0.1,9.4,2019,2,16,5,weekend
2019-02-17,3156,0.2,9.2,2019,2,17,6,weekend
2019-02-18,3569,0.1,7.1,2019,2,18,0,weekday
2019-02-19,3691,0.3,7.4,2019,2,19,1,weekday
2019-02-20,3649,0.1,11.0,2019,2,20,2,weekday
2019-02-21,3611,0.0,11.6,2019,2,21,3,weekday
2019-02-22,3559,0.0,12.0,2019,2,22,4,weekday
2019-02-23,3267,0.0,10.5,2019,2,23,5,weekend
2019-02-24,3168,0.0,8.7,2019,2,24,6,weekend
2019-02-25,3431,0.0,10.3,2019,2,25,0,weekday
2019-02-26,3484,0.0,9.0,2019,2,26,1,weekday
2019-02-27,3538,0.0,7.4,2019,2,27,2,weekday
2019-02-28,3558,0.0,8.5,2019,2,28,3,weekday
2019-03-01,3526,0.4,8.4,2019,3,1,4,weekday
2019-03-02,3368,0.3,8.0,2019,3,2,5,weekend
2019-03-03,3304,0.5,5.1,2019,3,3,6,weekend
2019-03-04,3637,0.2,4.1,2019,3,4,0,weekday
2019-03-05,3641,0.7,6.9,2019,3,5,1,weekday
2019-03-06,3674,0.4,6.7,2019,3,6,2,weekday
2019-03-07,3685,0.1,6.5,2019,3,7,3,weekday
2019-03-08,3636,0.1,6.7,2019,3,8,4,weekday
2019-03-09,3352,0.3,6.7,2019,3,9,5,weekend
2019-03-10,3284,0.3,4.0,2019,3,10,6,weekend
2019-03-11,3682,0.3,6.4,2019,3,11,0,weekday
2019-03-12,3736,0.3,6.3,2019,3,12,1,weekday
2019-03-13,3753,0.2,7.5,2019,3,13,2,weekday
2019-03-14,3680,0.4,9.5,2019,3,14,3,weekday
2019-03-15,3603,0.3,8.6,2019,3,15,4,weekday
2019-03-16,3334,0.7,7.2,2019,3,16,5,weekend
2019-03-17,3154,0.1,5.7,2019,3,17,6,weekend
2019-03-18,3218,0.1,7.7,2019,3,18,0,weekday
2019-03-19,3524,0.0,9.4,2019,3,19,1,weekday
2019-03-20,3571,0.0,10.5,2019,3,20,2,weekday
2019-03-21,3525,0.0,10.7,2019,3,21,3,weekday
2019-03-22,3525,0.1,9.1,2019,3,22,4,weekday
2019-03-23,3304,0.0,6.2,2019,3,23,5,weekend
2019-03-24,3157,0.0,6.8,2019,3,24,6,weekend
2019-03-25,3489,0.0,8.2,2019,3,25,0,weekday
2019-03-26,3508,0.0,7.6,2019,3,26,1,weekday
2019-03-27,3483,0.0,8.3,2019,3,27,2,weekday
2019-03-28,3443,0.0,8.6,2019,3,28,3,weekday
2019-03-29,3398,0.0,8.6,2019,3,29,4,weekday
2019-03-30,3190,0.0,8.1,2019,3,30,5,weekend
2019-03-31,3032,0.0,6.6,2019,3,31,6,weekend
2019-04-01,3435,0.1,7.1,2019,4,1,0,weekday
2019-04-02,3534,0.2,4.0,2019,4,2,1,weekday
2019-04-03,3645,0.2,5.1,2019,4,3,2,weekday
2019-04-04,3654,0.2,5.0,2019,4,4,3,weekday
2019-04-05,3590,0.1,6.0,2019,4,5,4,weekday
2019-04-06,3237,0.1,8.3,2019,4,6,5,weekend
2019-04-07,3110,0.0,7.1,2019,4,7,6,weekend
2019-04-08,3485,0.0,9.1,2019,4,8,0,weekday
2019-04-09,3509,0.0,9.0,2019,4,9,1,weekday
2019-04-10,3483,0.0,7.3,2019,4,10,2,weekday
2019-04-11,3484,0.0,8.3,2019,4,11,3,weekday
2019-04-12,3470,0.0,8.0,2019,4,12,4,weekday
2019-04-13,3259,0.3,8.0,2019,4,13,5,weekend
2019-04-14,3196,0.4,6.2,2019,4,14,6,weekend
2019-04-15,3660,0.6,7.0,2019,4,15,0,weekday
2019-04-16,3570,0.0,9.4,2019,4,16,1,weekday
2019-04-17,3520,0.0,9.7,2019,4,17,2,weekday
2019-04-18,3417,0.0,12.0,2019,4,18,3,weekday
2019-04-19,3261,0.0,13.2,2019,4,19,4,weekday
2019-04-20,3040,0.0,12.5,2019,4,20,5,weekend
2019-04-21,2820,0.0,12.3,2019,4,21,6,weekend
2019-04-22,2837,0.0,13.6,2019,4,22,0,weekday
2019-04-23,3191,0.0,13.4,2019,4,23,1,weekday
2019-04-24,3295,0.3,11.3,2019,4,24,2,weekday
2019-04-25,3317,0.1,10.0,2019,4,25,3,weekday
2019-04-26,3301,0.3,8.7,2019,4,26,4,weekday
2019-04-27,3102,0.2,8.0,2019,4,27,5,weekend
2019-04-28,2979,0.0,9.9,2019,4,28,6,weekend
2019-04-29,3322,0.0,11.1,2019,4,29,0,weekday
2019-04-30,3406,0.2,10.7,2019,4,30,1,weekday
2019-05-01,3324,0.0,9.1,2019,5,1,2,weekday
2019-05-02,3323,0.0,10.2,2019,5,2,3,weekday
2019-05-03,3285,0.0,8.8,2019,5,3,4,weekday
2019-05-04,3068,0.0,7.0,2019,5,4,5,weekend
2019-05-05,2922,0.0,7.1,2019,5,5,6,weekend
2019-05-06,2970,0.0,7.9,2019,5,6,0,weekday
2019-05-07,3310,0.1,8.8,2019,5,7,1,weekday
2019-05-08,3340,0.2,8.4,2019,5,8,2,weekday
2019-05-09,3355,0.2,8.4,2019,5,9,3,weekday
2019-05-10,3297,0.0,8.0,2019,5,10,4,weekday
2019-05-11,3013,0.0,8.9,2019,5,11,5,weekend
2019-05-12,2855,0.0,10.6,2019,5,12,6,weekend
2019-05-13,3136,0.0,12.5,2019,5,13,0,weekday
2019-05-14,3169,0.0,12.7,2019,5,14,1,weekday
2019-05-15,3163,0.0,13.4,2019,5,15,2,weekday
2019-05-16,3199,0.1,11.8,2019,5,16,3,weekday
2019-05-17,3201,0.0,11.1,2019,5,17,4,weekday
2019-05-18,2961,0.0,11.4,2019,5,18,5,weekend
2019-05-19,2832,0.0,11.2,2019,5,19,6,weekend
2019-05-20,3162,0.0,10.8,2019,5,20,0,weekday
2019-05-21,3229,0.0,11.2,2019,5,21,1,weekday
2019-05-22,3252,0.0,12.2,2019,5,22,2,weekday
2019-05-23,3281,0.0,12.7,2019,5,23,3,weekday
2019-05-24,3247,0.0,13.4,2019,5,24,4,weekday
2019-05-25,2965,0.1,13.8,2019,5,25,5,weekend
2019-05-26,2851,0.1,13.5,2019,5,26,6,weekend
2019-05-27,3137,0.2,11.3,2019,5,27,0,weekday
2019-05-28,3235,0.0,11.0,2019,5,28,1,weekday
2019-05-29,3241,0.3,12.5,2019,5,29,2,weekday
2019-05-30,3236,0.2,14.9,2019,5,30,3,weekday
2019-05-31,3160,0.3,13.9,2019,5,31,4,weekday
2019-06-01,2920,0.2,13.6,2019,6,1,5,weekend
2019-06-02,2724,0.2,13.5,2019,6,2,6,weekend
2019-06-03,2784,0.1,11.5,2019,6,3,0,weekday
2019-06-04,3215,0.7,10.2,2019,6,4,1,weekday
2019-06-05,3210,0.3,9.9,2019,6,5,2,weekday
2019-06-06,3164,0.2,9.7,2019,6,6,3,weekday
2019-06-07,3155,0.0,10.9,2019,6,7,4,weekday
2019-06-08,2868,0.1,11.3,2019,6,8,5,weekend
2019-06-09,2797,0.1,10.8,2019,6,9,6,weekend
2019-06-10,3092,0.1,11.3,2019,6,10,0,weekday
2019-06-11,3113,0.0,11.5,2019,6,11,1,weekday
2019-06-12,3159,0.0,11.6,2019,6,12,2,weekday
2019-06-13,3210,0.0,10.5,2019,6,13,3,weekday
2019-06-14,3216,0.2,10.3,2019,6,14,4,weekday
2019-06-15,2915,0.1,10.8,2019,6,15,5,weekend
2019-06-16,2805,0.2,11.6,2019,6,16,6,weekend
2019-06-17,3091,0.1,13.2,2019,6,17,0,weekday
2019-06-18,3180,0.0,13.0,2019,6,18,1,weekday
2019-06-19,3168,0.1,12.3,2019,6,19,2,weekday
2019-06-20,3146,0.1,11.7,2019,6,20,3,weekday
2019-06-21,3117,0.0,12.4,2019,6,21,4,weekday
2019-06-22,2865,0.0,14.1,2019,6,22,5,weekend
2019-06-23,2774,0.6,13.8,2019,6,23,6,weekend
2019-06-24,3167,0.1,15.7,2019,6,24,0,weekday
2019-06-25,3219,0.0,15.8,2019,6,25,1,weekday
2019-06-26,3201,0.0,16.0,2019,6,26,2,weekday
2019-06-27,3182,0.0,17.5,2019,6,27,3,weekday
2019-06-28,3152,0.0,17.7,2019,6,28,4,weekday
2019-06-29,2873,0.0,16.6,2019,6,29,5,weekend
2019-06-30,2735,0.0,14.9,2019,6,30,6,weekend
2019-07-01,3079,0.0,14.4,2019,7,1,0,weekday
2019-07-02,3161,0.0,13.9,2019,7,2,1,weekday
2019-07-03,3155,0.0,14.0,2019,7,3,2,weekday
2019-07-04,3164,0.0,14.6,2019,7,4,3,weekday
2019-07-05,3140,0.0,15.2,2019,7,5,4,weekday
2019-07-06,2877,0.0,15.0,2019,7,6,5,weekend
2019-07-07,2738,0.0,14.5,2019,7,7,6,weekend
2019-07-08,3136,0.1,15.3,2019,7,8,0,weekday
2019-07-09,3187,0.0,17.0,2019,7,9,1,weekday
2019-07-10,3178,0.2,16.5,2019,7,10,2,weekday
2019-07-11,3190,0.1,16.4,2019,7,11,3,weekday
2019-07-12,3147,0.0,15.3,2019,7,12,4,weekday
2019-07-13,2862,0.0,15.4,2019,7,13,5,weekend
2019-07-14,2748,0.0,15.5,2019,7,14,6,weekend
2019-07-15,3118,0.0,16.6,2019,7,15,0,weekday
2019-07-16,3190,0.0,17.3,2019,7,16,1,weekday
2019-07-17,3141,0.3,15.7,2019,7,17,2,weekday
2019-07-18,3135,0.1,15.5,2019,7,18,3,weekday
2019-07-19,3182,0.5,15.6,2019,7,19,4,weekday
2019-07-20,2857,0.0,15.6,2019,7,20,5,weekend
2019-07-21,2803,0.6,16.6,2019,7,21,6,weekend
2019-07-22,3202,0.1,19.4,2019,7,22,0,weekday
2019-07-23,3162,0.0,19.0,2019,7,23,1,weekday
2019-07-24,3141,0.0,18.0,2019,7,24,2,weekday
2019-07-25,3202,0.2,18.9,2019,7,25,3,weekday
2019-07-26,3066,0.1,17.0,2019,7,26,4,weekday
2019-07-27,2821,0.0,14.9,2019,7,27,5,weekend
2019-07-28,2709,0.0,14.8,2019,7,28,6,weekend
2019-07-29,3058,0.1,15.4,2019,7,29,0,weekday
2019-07-30,3090,0.2,15.3,2019,7,30,1,weekday
2019-07-31,3101,0.0,15.1,2019,7,31,2,weekday
2019-08-01,3110,0.0,15.5,2019,8,1,3,weekday
2019-08-02,3083,0.0,17.0,2019,8,2,4,weekday
2019-08-03,2830,0.2,16.8,2019,8,3,5,weekend
2019-08-04,2707,0.5,16.2,2019,8,4,6,weekend
2019-08-05,2696,0.2,15.4,2019,8,5,0,weekday
2019-08-06,3011,0.3,15.5,2019,8,6,1,weekday
2019-08-07,3109,0.0,15.8,2019,8,7,2,weekday
2019-08-08,3136,0.3,15.8,2019,8,8,3,weekday
2019-08-09,3129,0.8,17.0,2019,8,9,4,weekday
2019-08-10,2941,0.5,15.9,2019,8,10,5,weekend
2019-08-11,2754,0.1,13.7,2019,8,11,6,weekend
2019-08-12,3064,0.1,12.6,2019,8,12,0,weekday
2019-08-13,3177,0.1,13.4,2019,8,13,1,weekday
2019-08-14,3213,0.2,16.1,2019,8,14,2,weekday
2019-08-15,3161,0.0,15.7,2019,8,15,3,weekday
2019-08-16,3187,0.5,16.3,2019,8,16,4,weekday
2019-08-17,2867,0.1,14.3,2019,8,17,5,weekend
2019-08-18,2775,0.2,14.0,2019,8,18,6,weekend
2019-08-19,3056,0.1,13.4,2019,8,19,0,weekday
2019-08-20,3171,0.2,13.4,2019,8,20,1,weekday
2019-08-21,3226,0.3,14.2,2019,8,21,2,weekday
2019-08-22,3261,0.1,16.2,2019,8,22,3,weekday
2019-08-23,3185,0.0,16.6,2019,8,23,4,weekday
2019-08-24,2974,0.0,16.7,2019,8,24,5,weekend
2019-08-25,2847,0.0,15.8,2019,8,25,6,weekend
2019-08-26,3149,0.1,14.7,2019,8,26,0,weekday
2019-08-27,3255,0.4,15.1,2019,8,27,1,weekday
2019-08-28,3186,0.1,14.0,2019,8,28,2,weekday
2019-08-29,3232,0.1,15.2,2019,8,29,3,weekday
2019-08-30,3240,0.5,16.2,2019,8,30,4,weekday
2019-08-31,2908,0.4,13.7,2019,8,31,5,weekend
2019-09-01,2792,0.1,12.6,2019,9,1,6,weekend
2019-09-02,3144,0.1,13.9,2019,9,2,0,weekday
2019-09-03,3227,0.2,15.4,2019,9,3,1,weekday
2019-09-04,3214,0.1,12.3,2019,9,4,2,weekday
2019-09-05,3222,0.0,12.9,2019,9,5,3,weekday
2019-09-06,3186,0.1,13.9,2019,9,6,4,weekday
2019-09-07,2974,0.0,13.1,2019,9,7,5,weekend
2019-09-08,2839,0.1,13.2,2019,9,8,6,weekend
2019-09-09,3147,0.2,12.7,2019,9,9,0,weekday
2019-09-10,3247,0.2,12.3,2019,9,10,1,weekday
2019-09-11,3253,0.1,15.1,2019,9,11,2,weekday
2019-09-12,3233,0.1,14.3,2019,9,12,3,weekday
2019-09-13,3189,0.0,11.9,2019,9,13,4,weekday
2019-09-14,2904,0.0,13.4,2019,9,14,5,weekend
2019-09-15,2863,0.2,13.6,2019,9,15,6,weekend
2019-09-16,3225,0.0,13.1,2019,9,16,0,weekday
2019-09-17,3257,0.0,11.6,2019,9,17,1,weekday
2019-09-18,3264,0.0,12.3,2019,9,18,2,weekday
2019-09-19,3249,0.0,13.5,2019,9,19,3,weekday
2019-09-20,3183,0.0,14.6,2019,9,20,4,weekday
2019-09-21,2988,0.2,15.9,2019,9,21,5,weekend
2019-09-22,2919,0.4,14.8,2019,9,22,6,weekend
2019-09-23,3199,0.3,13.5,2019,9,23,0,weekday
2019-09-24,3276,0.1,15.2,2019,9,24,1,weekday
2019-09-25,3307,0.2,14.7,2019,9,25,2,weekday
2019-09-26,3260,0.3,13.2,2019,9,26,3,weekday
2019-09-27,3247,0.3,12.8,2019,9,27,4,weekday
2019-09-28,3034,0.5,13.4,2019,9,28,5,weekend
2019-09-29,2913,0.2,12.7,2019,9,29,6,weekend
2019-09-30,3310,0.7,10.8,2019,9,30,0,weekday
2019-10-01,3339,0.2,10.9,2019,10,1,1,weekday
2019-10-02,3413,0.0,8.7,2019,10,2,2,weekday
2019-10-03,3438,0.3,11.7,2019,10,3,3,weekday
2019-10-04,3368,0.3,13.2,2019,10,4,4,weekday
2019-10-05,3114,0.4,13.3,2019,10,5,5,weekend
2019-10-06,2967,0.2,11.9,2019,10,6,6,weekend
2019-10-07,3333,0.3,13.4,2019,10,7,0,weekday
2019-10-08,3371,0.2,11.5,2019,10,8,1,weekday
2019-10-09,3397,0.2,10.3,2019,10,9,2,weekday
2019-10-10,3417,0.2,12.2,2019,10,10,3,weekday
2019-10-11,3329,0.1,11.2,2019,10,11,4,weekday
2019-10-12,3057,0.1,9.9,2019,10,12,5,weekend
2019-10-13,2983,0.2,9.0,2019,10,13,6,weekend
2019-10-14,3384,0.7,10.3,2019,10,14,0,weekday
2019-10-15,3391,0.1,11.1,2019,10,15,1,weekday
2019-10-16,3328,0.1,9.9,2019,10,16,2,weekday
2019-10-17,3356,0.3,9.6,2019,10,17,3,weekday
2019-10-18,3392,0.1,9.1,2019,10,18,4,weekday
2019-10-19,3141,0.1,9.2,2019,10,19,5,weekend
2019-10-20,3030,0.0,8.7,2019,10,20,6,weekend
2019-10-21,3440,0.0,7.1,2019,10,21,0,weekday
2019-10-22,3507,0.0,9.3,2019,10,22,1,weekday
2019-10-23,3548,0.3,11.3,2019,10,23,2,weekday
2019-10-24,3492,0.1,8.5,2019,10,24,3,weekday
2019-10-25,3629,0.3,5.1,2019,10,25,4,weekday
2019-10-26,3274,0.1,5.5,2019,10,26,5,weekend
2019-10-27,3147,0.0,5.7,2019,10,27,6,weekend
2019-10-28,3216,0.0,5.1,2019,10,28,0,weekday
2019-10-29,3551,0.0,7.1,2019,10,29,1,weekday
2019-10-30,3592,0.1,8.9,2019,10,30,2,weekday
2019-10-31,3557,0.2,10.1,2019,10,31,3,weekday
2019-11-01,3527,0.5,11.9,2019,11,1,4,weekday
2019-11-02,3281,0.6,9.5,2019,11,2,5,weekend
2019-11-03,3188,0.2,8.6,2019,11,3,6,weekend
2019-11-04,3569,0.2,8.4,2019,11,4,0,weekday
2019-11-05,3626,0.0,8.8,2019,11,5,1,weekday
2019-11-06,3675,0.3,6.1,2019,11,6,2,weekday
2019-11-07,3685,0.2,6.3,2019,11,7,3,weekday
2019-11-08,3660,0.0,5.3,2019,11,8,4,weekday
2019-11-09,3391,0.3,6.6,2019,11,9,5,weekend
2019-11-10,3325,0.4,4.6,2019,11,10,6,weekend
2019-11-11,3725,0.2,6.0,2019,11,11,0,weekday
2019-11-12,3763,0.1,5.8,2019,11,12,1,weekday
2019-11-13,3812,0.5,4.7,2019,11,13,2,weekday
2019-11-14,3817,0.0,5.0,2019,11,14,3,weekday
2019-11-15,3792,0.0,4.4,2019,11,15,4,weekday
2019-11-16,3589,0.0,3.0,2019,11,16,5,weekend
2019-11-17,3394,0.0,4.8,2019,11,17,6,weekend
2019-11-18,3787,0.0,3.2,2019,11,18,0,weekday
2019-11-19,3759,0.1,7.5,2019,11,19,1,weekday
2019-11-20,3781,0.3,7.6,2019,11,20,2,weekday
2019-11-21,3775,0.2,7.1,2019,11,21,3,weekday
2019-11-22,3735,0.2,6.4,2019,11,22,4,weekday
2019-11-23,3497,0.2,7.3,2019,11,23,5,weekend
2019-11-24,3299,0.1,7.4,2019,11,24,6,weekend
2019-11-25,3673,0.2,9.9,2019,11,25,0,weekday
2019-11-26,3672,0.3,9.1,2019,11,26,1,weekday
2019-11-27,3731,0.0,8.3,2019,11,27,2,weekday
2019-11-28,3734,0.1,7.7,2019,11,28,3,weekday
2019-11-29,3695,0.0,4.8,2019,11,29,4,weekday
2019-11-30,3419,0.0,6.0,2019,11,30,5,weekend
2019-12-01,3396,0.0,3.4,2019,12,1,6,weekend
2019-12-02,3868,0.0,3.3,2019,12,2,0,weekday
2019-12-03,3807,0.0,5.9,2019,12,3,1,weekday
2019-12-04,3756,0.1,7.8,2019,12,4,2,weekday
2019-12-05,3786,0.2,9.3,2019,12,5,3,weekday
2019-12-06,3624,0.2,9.5,2019,12,6,4,weekday
2019-12-07,3343,0.3,9.6,2019,12,7,5,weekend
2019-12-08,3291,0.4,7.3,2019,12,8,6,weekend
2019-12-09,3694,0.0,7.5,2019,12,9,0,weekday
2019-12-10,3730,0.5,8.5,2019,12,10,1,weekday
2019-12-11,3785,0.2,4.0,2019,12,11,2,weekday
2019-12-12,3774,0.5,6.5,2019,12,12,3,weekday
2019-12-13,3759,0.2,5.8,2019,12,13,4,weekday
2019-12-14,3535,0.2,3.9,2019,12,14,5,weekend
2019-12-15,3480,0.1,3.0,2019,12,15,6,weekend
2019-12-16,3848,0.1,3.6,2019,12,16,0,weekday
2019-12-17,3975,0.1,3.2,2019,12,17,1,weekday
2019-12-18,3904,0.5,7.3,2019,12,18,2,weekday
2019-12-19,3813,0.4,8.0,2019,12,19,3,weekday
2019-12-20,3732,0.1,4.8,2019,12,20,4,weekday
2019-12-21,3491,0.0,4.0,2019,12,21,5,weekend
2019-12-22,3239,0.1,6.3,2019,12,22,6,weekend
2019-12-23,3438,0.1,6.6,2019,12,23,0,weekday
2019-12-24,3315,0.2,6.2,2019,12,24,1,weekday
2019-12-25,3088,0.0,4.1,2019,12,25,2,weekday
2019-12-26,2947,0.3,8.6,2019,12,26,3,weekday
2019-12-27,3095,0.1,11.0,2019,12,27,4,weekday
2019-12-28,3059,0.0,10.4,2019,12,28,5,weekend
2019-12-29,2973,0.0,10.6,2019,12,29,6,weekend
2019-12-30,3194,0.0,8.6,2019,12,30,0,weekday
2019-12-31,3242,0.0,6.3,2019,12,31,1,weekday
2020-01-01,3037,0.0,6.9,2020,1,1,2,weekday
2020-01-02,3411,0.2,9.4,2020,1,2,3,weekday
2020-01-03,3520,0.0,6.4,2020,1,3,4,weekday
2020-01-04,3280,0.0,7.4,2020,1,4,5,weekend
2020-01-05,3163,0.0,9.2,2020,1,5,6,weekend
2020-01-06,3538,0.3,8.4,2020,1,6,0,weekday
2020-01-07,3606,0.1,10.8,2020,1,7,1,weekday
2020-01-08,3634,0.1,6.7,2020,1,8,2,weekday
2020-01-09,3780,0.2,3.3,2020,1,9,3,weekday
2020-01-10,3698,0.1,6.4,2020,1,10,4,weekday
2020-01-11,3366,0.5,9.6,2020,1,11,5,weekend
2020-01-12,3247,0.1,5.8,2020,1,12,6,weekend
2020-01-13,3663,0.4,6.7,2020,1,13,0,weekday
2020-01-14,3757,0.2,4.3,2020,1,14,1,weekday
2020-01-15,3806,0.1,5.6,2020,1,15,2,weekday
2020-01-16,3883,0.3,8.0,2020,1,16,3,weekday
2020-01-17,3792,0.0,4.1,2020,1,17,4,weekday
2020-01-18,3622,0.0,1.8,2020,1,18,5,weekend
2020-01-19,3502,0.0,2.6,2020,1,19,6,weekend
2020-01-20,3889,0.0,5.6,2020,1,20,0,weekday
2020-01-21,3902,0.0,7.5,2020,1,21,1,weekday
2020-01-22,3834,0.0,8.1,2020,1,22,2,weekday
2020-01-23,3823,0.0,6.6,2020,1,23,3,weekday
2020-01-24,3759,0.0,6.6,2020,1,24,4,weekday
2020-01-25,3508,0.0,7.4,2020,1,25,5,weekend
2020-01-26,3352,0.3,6.2,2020,1,26,6,weekend
2020-01-27,3809,0.2,3.2,2020,1,27,0,weekday
2020-01-28,3924,0.2,3.3,2020,1,28,1,weekday
2020-01-29,3903,0.0,6.7,2020,1,29,2,weekday
2020-01-30,3801,0.0,8.9,2020,1,30,3,weekday
2020-01-31,3714,0.2,10.5,2020,1,31,4,weekday
2020-02-01,3434,0.1,7.8,2020,2,1,5,weekend
2020-02-02,3335,0.2,8.1,2020,2,2,6,weekend
2020-02-03,3757,0.1,6.0,2020,2,3,0,weekday
2020-02-04,3840,0.0,5.9,2020,2,4,1,weekday
2020-02-05,3818,0.0,5.1,2020,2,5,2,weekday
2020-02-06,3825,0.0,5.7,2020,2,6,3,weekday
2020-02-07,3857,0.1,7.2,2020,2,7,4,weekday
2020-02-08,3544,0.7,6.8,2020,2,8,5,weekend
2020-02-09,3424,0.9,8.8,2020,2,9,6,weekend
2020-02-10,3905,0.3,4.1,2020,2,10,0,weekday
2020-02-11,4041,0.2,2.9,2020,2,11,1,weekday
2020-02-12,3964,0.3,4.1,2020,2,12,2,weekday
2020-02-13,3931,0.2,5.4,2020,2,13,3,weekday
2020-02-14,3814,0.1,8.0,2020,2,14,4,weekday
2020-02-15,3588,0.7,8.4,2020,2,15,5,weekend
2020-02-16,3445,0.2,5.8,2020,2,16,6,weekend
2020-02-17,3837,0.1,5.5,2020,2,17,0,weekday
2020-02-18,3904,0.3,4.9,2020,2,18,1,weekday
2020-02-19,3901,0.5,7.3,2020,2,19,2,weekday
2020-02-20,3840,0.4,5.6,2020,2,20,3,weekday
2020-02-21,3862,0.4,8.9,2020,2,21,4,weekday
2020-02-22,3517,0.3,7.1,2020,2,22,5,weekend
2020-02-23,3420,0.4,6.3,2020,2,23,6,weekend
2020-02-24,3730,0.7,6.8,2020,2,24,0,weekday
2020-02-25,3883,0.3,3.2,2020,2,25,1,weekday
2020-02-26,3916,0.1,3.7,2020,2,26,2,weekday
2020-02-27,3838,0.0,4.2,2020,2,27,3,weekday
2020-02-28,3789,0.5,8.2,2020,2,28,4,weekday
2020-02-29,3603,0.3,4.4,2020,2,29,5,weekend
2020-03-01,3459,0.1,4.2,2020,3,1,6,weekend
2020-03-02,3822,0.1,3.5,2020,3,2,0,weekday
2020-03-03,3838,0.1,5.0,2020,3,3,1,weekday
2020-03-04,3832,0.0,4.4,2020,3,4,2,weekday
2020-03-05,3816,0.1,3.6,2020,3,5,3,weekday
2020-03-06,3766,0.1,5.7,2020,3,6,4,weekday
2020-03-07,3509,0.2,9.8,2020,3,7,5,weekend
2020-03-08,3318,0.2,6.8,2020,3,8,6,weekend
2020-03-09,3794,0.5,8.2,2020,3,9,0,weekday
2020-03-10,3751,0.1,9.2,2020,3,10,1,weekday
2020-03-11,3785,0.3,6.3,2020,3,11,2,weekday
2020-03-12,3857,0.2,5.1,2020,3,12,3,weekday
2020-03-13,3764,0.1,6.7,2020,3,13,4,weekday
2020-03-14,3487,0.2,8.0,2020,3,14,5,weekend
2020-03-15,3268,0.1,6.3,2020,3,15,6,weekend
2020-03-16,3593,0.1,6.3,2020,3,16,0,weekday
2020-03-17,3357,0.3,8.7,2020,3,17,1,weekday
2020-03-18,3602,0.1,5.6,2020,3,18,2,weekday
2020-03-19,3598,0.0,4.5,2020,3,19,3,weekday
2020-03-20,3585,0.0,4.6,2020,3,20,4,weekday
2020-03-21,3361,0.1,5.5,2020,3,21,5,weekend
2020-03-22,3196,0.0,6.4,2020,3,22,6,weekend
2020-03-23,3503,0.0,7.3,2020,3,23,0,weekday
2020-03-24,3499,0.0,9.3,2020,3,24,1,weekday
2020-03-25,3450,0.1,9.3,2020,3,25,2,weekday
2020-03-26,3425,0.0,8.0,2020,3,26,3,weekday
2020-03-27,3408,0.0,7.6,2020,3,27,4,weekday
2020-03-28,3091,0.0,7.7,2020,3,28,5,weekend
2020-03-29,3036,0.0,4.5,2020,3,29,6,weekend
2020-03-30,3295,0.0,6.0,2020,3,30,0,weekday
2020-03-31,3280,0.0,6.9,2020,3,31,1,weekday
2020-04-01,3260,0.0,7.3,2020,4,1,2,weekday
2020-04-02,3250,0.0,8.4,2020,4,2,3,weekday
2020-04-03,3179,0.0,8.1,2020,4,3,4,weekday
2020-04-04,3018,0.0,9.0,2020,4,4,5,weekend
2020-04-05,2999,0.2,10.9,2020,4,5,6,weekend
2020-04-06,3140,0.0,8.9,2020,4,6,0,weekday
2020-04-07,3095,0.0,8.7,2020,4,7,1,weekday
2020-04-08,3126,0.0,10.1,2020,4,8,2,weekday
2020-04-09,3075,0.0,11.0,2020,4,9,3,weekday
2020-04-10,3027,0.0,12.4,2020,4,10,4,weekday
2020-04-11,2865,0.0,12.0,2020,4,11,5,weekend
2020-04-12,2850,0.2,8.6,2020,4,12,6,weekend
2020-04-13,2790,0.0,7.7,2020,4,13,0,weekday
2020-04-14,3047,0.0,6.9,2020,4,14,1,weekday
2020-04-15,3049,0.0,8.4,2020,4,15,2,weekday
2020-04-16,3040,0.0,10.0,2020,4,16,3,weekday
2020-04-17,2976,0.1,10.9,2020,4,17,4,weekday
2020-04-18,2870,0.1,9.3,2020,4,18,5,weekend
2020-04-19,2807,0.0,10.1,2020,4,19,6,weekend
2020-04-20,2943,0.0,10.2,2020,4,20,0,weekday
2020-04-21,2989,0.0,10.3,2020,4,21,1,weekday
2020-04-22,3025,0.0,11.2,2020,4,22,2,weekday
2020-04-23,3035,0.0,11.6,2020,4,23,3,weekday
2020-04-24,3018,0.0,11.8,2020,4,24,4,weekday
2020-04-25,2817,0.0,11.8,2020,4,25,5,weekend
2020-04-26,2808,0.0,9.7,2020,4,26,6,weekend
2020-04-27,3007,0.0,8.5,2020,4,27,0,weekday
2020-04-28,3047,0.0,8.7,2020,4,28,1,weekday
2020-04-29,3070,0.5,8.3,2020,4,29,2,weekday
2020-04-30,3077,0.2,8.0,2020,4,30,3,weekday
2020-05-01,3020,0.1,8.3,2020,5,1,4,weekday
2020-05-02,2848,0.0,9.3,2020,5,2,5,weekend
2020-05-03,2746,0.0,10.3,2020,5,3,6,weekend
2020-05-04,2742,0.0,10.5,2020,5,4,0,weekday
2020-05-05,2959,0.0,10.7,2020,5,5,1,weekday
2020-05-06,2995,0.1,11.8,2020,5,6,2,weekday
2020-05-07,3011,0.2,12.5,2020,5,7,3,weekday
2020-05-08,2994,0.0,13.4,2020,5,8,4,weekday
2020-05-09,2782,0.0,13.7,2020,5,9,5,weekend
2020-05-10,2733,0.0,10.1,2020,5,10,6,weekend
2020-05-11,2972,0.0,6.9,2020,5,11,0,weekday
2020-05-12,3063,0.0,7.5,2020,5,12,1,weekday
2020-05-13,3049,0.0,7.7,2020,5,13,2,weekday
2020-05-14,3059,0.0,7.9,2020,5,14,3,weekday
2020-05-15,3044,0.0,9.4,2020,5,15,4,weekday
2020-05-16,2815,0.0,10.6,2020,5,16,5,weekend
2020-05-17,2744,0.1,12.0,2020,5,17,6,weekend
2020-05-18,3016,0.1,13.0,2020,5,18,0,weekday
2020-05-19,3056,0.0,14.2,2020,5,19,1,weekday
2020-05-20,3030,0.0,14.1,2020,5,20,2,weekday
2020-05-21,3051,0.3,12.7,2020,5,21,3,weekday
2020-05-22,2962,0.2,11.9,2020,5,22,4,weekday
2020-05-23,2755,0.1,11.3,2020,5,23,5,weekend
2020-05-24,2702,0.0,13.1,2020,5,24,6,weekend
2020-05-25,2983,0.0,12.3,2020,5,25,0,weekday
2020-05-26,3082,0.0,13.6,2020,5,26,1,weekday
2020-05-27,3089,0.0,14.6,2020,5,27,2,weekday
2020-05-28,3076,0.0,17.1,2020,5,28,3,weekday
2020-05-29,2965,0.0,17.2,2020,5,29,4,weekday
2020-05-30,2728,0.0,16.9,2020,5,30,5,weekend
2020-05-31,2639,0.0,16.8,2020,5,31,6,weekend
2020-06-01,2690,0.0,12.7,2020,6,1,0,weekday
